target,predictor,lag,n_samples,n_provinces,missing_ratio_pair,control_mode,pearson_corr,spearman_corr,kendall_tau,distance_corr,mutual_info,spearman_perm_p,abs_spearman,abs_pearson
Influenza_rates,Total_Evaporation,0,14520,55,0.0,month_province,0.004602245133584641,0.006076275721344368,0.003885853408441782,0.05308006406115468,0.02862525775503233,,0.006076275721344368,0.004602245133584641
Influenza_rates,Total_Evaporation,1,14465,55,0.0037878787878787845,month_province,-0.01323335285187206,-0.018177671402138638,-0.012165273936913858,0.050976873438425524,0.0,,0.018177671402138638,0.01323335285187206
Influenza_rates,Total_Evaporation,2,14410,55,0.007575757575757569,month_province,-0.011559832703767405,-0.00768933410204097,-0.005139910099802137,0.07348745889018915,0.0,,0.00768933410204097,0.011559832703767405
Influenza_rates,Total_Evaporation,3,14355,55,0.011363636363636354,month_province,0.008661688731433723,0.017743567435108215,0.011843808784350257,0.05574149438731838,0.0,,0.017743567435108215,0.008661688731433723
Influenza_rates,Total_Evaporation,4,14300,55,0.015151515151515138,month_province,0.026296703056742986,0.03999578654472254,0.026725082376752276,0.06755098880334476,0.014635176463376531,,0.03999578654472254,0.026296703056742986
Influenza_rates,Total_Evaporation,5,14245,55,0.018939393939393923,month_province,0.042171571499947505,0.06122927781971992,0.040979113142206564,0.09677476987399865,0.017909465943025893,,0.06122927781971992,0.042171571499947505
Influenza_rates,Total_Evaporation,6,14190,55,0.022727272727272707,month_province,0.05556654526990079,0.07579731667450537,0.05084557548896513,0.0853461163826012,0.0,,0.07579731667450537,0.05556654526990079
Influenza_rates,Total_Rainfall,0,14520,55,0.0,month_province,0.014340216506913007,0.01818469462626268,0.012322603469399417,0.0820721704210673,0.02026323828714105,,0.01818469462626268,0.014340216506913007
Influenza_rates,Total_Rainfall,1,14465,55,0.0037878787878787845,month_province,0.025958773655725555,0.04337957330788691,0.028995707156900228,0.05026211762519888,0.0,,0.04337957330788691,0.025958773655725555
Influenza_rates,Total_Rainfall,2,14410,55,0.007575757575757569,month_province,0.03343457276684932,0.051437813532506045,0.03463565033865462,0.0998357474387213,0.012782561544795179,,0.051437813532506045,0.03343457276684932
Influenza_rates,Total_Rainfall,3,14355,55,0.011363636363636354,month_province,0.031805276425969656,0.04377870609959838,0.029438108863043936,0.07933704478475162,0.006299912031961341,,0.04377870609959838,0.031805276425969656
Influenza_rates,Total_Rainfall,4,14300,55,0.015151515151515138,month_province,0.016568656589480955,0.027574515810200234,0.018551053068685763,0.05836994644692001,0.020950511506936387,,0.027574515810200234,0.016568656589480955
Influenza_rates,Total_Rainfall,5,14245,55,0.018939393939393923,month_province,0.008873393109585874,0.005215232358269236,0.003497310632641348,0.06430958732844548,0.01655825111160958,,0.005215232358269236,0.008873393109585874
Influenza_rates,Total_Rainfall,6,14190,55,0.022727272727272707,month_province,-0.0012363315112263883,-0.009228665225218069,-0.006201141556320017,0.05271204265552872,0.02217460453079223,,0.009228665225218069,0.0012363315112263883
Influenza_rates,Max_Daily_Rainfall,0,14520,55,0.0,month_province,0.012686610142775431,0.012789290870197829,0.008614717021139341,0.054065271797643075,0.00722949678680429,,0.012789290870197829,0.012686610142775431
Influenza_rates,Max_Daily_Rainfall,1,14465,55,0.0037878787878787845,month_province,0.00584980705501169,0.027642094588827902,0.0184180929813551,0.07305448075227956,0.030915791296527217,,0.027642094588827902,0.00584980705501169
Influenza_rates,Max_Daily_Rainfall,2,14410,55,0.007575757575757569,month_province,0.005556308252332179,0.026771169300326712,0.01791952367266152,0.05255462577535381,0.01572357063724983,,0.026771169300326712,0.005556308252332179
Influenza_rates,Max_Daily_Rainfall,3,14355,55,0.011363636363636354,month_province,0.01662546585100683,0.021386677072106487,0.014242473771070085,0.07195348299953393,0.0,,0.021386677072106487,0.01662546585100683
Influenza_rates,Max_Daily_Rainfall,4,14300,55,0.015151515151515138,month_province,0.01011580495329939,0.009525691216742616,0.006274321349850545,0.0518850684662944,0.020713403122493368,,0.009525691216742616,0.01011580495329939
Influenza_rates,Max_Daily_Rainfall,5,14245,55,0.018939393939393923,month_province,-0.0021182272687880416,-0.009155983109542024,-0.006158698456416854,0.04862375573114118,0.027481171208807886,,0.009155983109542024,0.0021182272687880416
Influenza_rates,Max_Daily_Rainfall,6,14190,55,0.022727272727272707,month_province,-0.007489984323664503,-0.013514580727980655,-0.009197800978660431,0.04852316747402176,0.012573304492669912,,0.013514580727980655,0.007489984323664503
Influenza_rates,n_raining_days,0,14520,55,0.0,month_province,0.029713914814786527,0.0557332180767772,0.037631302487746564,0.06537801348292094,0.031732966224659265,,0.0557332180767772,0.029713914814786527
Influenza_rates,n_raining_days,1,14465,55,0.0037878787878787845,month_province,0.052739227565998074,0.08592905692423766,0.05756194073494072,0.11188365251615615,0.05289761347415567,,0.08592905692423766,0.052739227565998074
Influenza_rates,n_raining_days,2,14410,55,0.007575757575757569,month_province,0.06575195456374601,0.1039036456653547,0.06943583323432094,0.12713354394070175,0.0386051949544326,,0.1039036456653547,0.06575195456374601
Influenza_rates,n_raining_days,3,14355,55,0.011363636363636354,month_province,0.06196986139943035,0.09763759828705579,0.06498977342343498,0.12791231322016608,0.022497938326389466,,0.09763759828705579,0.06196986139943035
Influenza_rates,n_raining_days,4,14300,55,0.015151515151515138,month_province,0.05249229273359672,0.08671691451333409,0.05768872838952548,0.08973586789069564,0.024675787588063436,,0.08671691451333409,0.05249229273359672
Influenza_rates,n_raining_days,5,14245,55,0.018939393939393923,month_province,0.041947677878436944,0.07589370275416409,0.05015753658127202,0.08986919161374494,0.04619358876624613,,0.07589370275416409,0.041947677878436944
Influenza_rates,n_raining_days,6,14190,55,0.022727272727272707,month_province,0.03178469133131338,0.06465266917370893,0.042596520414683696,0.0962235042151474,0.043968812503091925,,0.06465266917370893,0.03178469133131338
Influenza_rates,Average_temperature,0,14520,55,0.0,month_province,-0.019361557872761927,-0.023144458019617085,-0.015746491799575178,0.06246737858861602,0.014053312710711197,,0.023144458019617085,0.019361557872761927
Influenza_rates,Average_temperature,1,14465,55,0.0037878787878787845,month_province,-0.021357288122842245,-0.02476112893296508,-0.0165264918929555,0.04873970650039622,0.005900374274209419,,0.02476112893296508,0.021357288122842245
Influenza_rates,Average_temperature,2,14410,55,0.007575757575757569,month_province,-0.024804355094760085,-0.03252892416132043,-0.02166973471909449,0.05088256988486842,0.01729466007841829,,0.03252892416132043,0.024804355094760085
Influenza_rates,Average_temperature,3,14355,55,0.011363636363636354,month_province,-0.033130330345491,-0.04896572560583736,-0.03253771523848176,0.06891729569142602,0.009676773926172721,,0.04896572560583736,0.033130330345491
Influenza_rates,Average_temperature,4,14300,55,0.015151515151515138,month_province,-0.041718465459216814,-0.06892014413413801,-0.04554653362521718,0.08390757704377776,0.005320279168556041,,0.06892014413413801,0.041718465459216814
Influenza_rates,Average_temperature,5,14245,55,0.018939393939393923,month_province,-0.05776109729659275,-0.08137643480498447,-0.05353634338573112,0.09185076289390638,0.030257652358653075,,0.08137643480498447,0.05776109729659275
Influenza_rates,Average_temperature,6,14190,55,0.022727272727272707,month_province,-0.05760944976050225,-0.08131605153669913,-0.05378755171917979,0.07778722117882839,0.0,,0.08131605153669913,0.05760944976050225
Influenza_rates,Average_Humidity,0,14520,55,0.0,month_province,0.05415896426142181,0.08694555294963832,0.0578745734593781,0.059265834791411946,0.02803950273289857,,0.08694555294963832,0.05415896426142181
Influenza_rates,Average_Humidity,1,14465,55,0.0037878787878787845,month_province,0.0734464641703457,0.11340148841165361,0.075635533364947,0.10783559705716517,0.02233790939334046,,0.11340148841165361,0.0734464641703457
Influenza_rates,Average_Humidity,2,14410,55,0.007575757575757569,month_province,0.07306808632470038,0.10326357049320545,0.06902290672911321,0.12351857279940029,0.016618629474333346,,0.10326357049320545,0.07306808632470038
Influenza_rates,Average_Humidity,3,14355,55,0.011363636363636354,month_province,0.0562365996768852,0.07642973706608147,0.05109695651905444,0.09700147139664711,0.02295099542931034,,0.07642973706608147,0.0562365996768852
Influenza_rates,Average_Humidity,4,14300,55,0.015151515151515138,month_province,0.027471319079156904,0.04723666421171255,0.031569484172489094,0.04704587071602936,0.020285283379624985,,0.04723666421171255,0.027471319079156904
Influenza_rates,Average_Humidity,5,14245,55,0.018939393939393923,month_province,0.015430658322387346,0.025304530878612345,0.016898232504236416,0.05215977974057248,0.0010575678239153063,,0.025304530878612345,0.015430658322387346
Influenza_rates,Average_Humidity,6,14190,55,0.022727272727272707,month_province,0.0053362484081836085,0.014760779601134661,0.009876682659468563,0.07718325374147973,0.014509002432338214,,0.014760779601134661,0.0053362484081836085
Influenza_rates,n_hours_sunshine,0,14520,55,0.0,month_province,-0.018551363392733146,-0.027976240801821015,-0.01856045276581818,0.05878892143734867,0.0,,0.027976240801821015,0.018551363392733146
Influenza_rates,n_hours_sunshine,1,14465,55,0.0037878787878787845,month_province,-0.04461548339511794,-0.06016865406498333,-0.039883838185494375,0.08397418846421961,0.005059333732083893,,0.06016865406498333,0.04461548339511794
Influenza_rates,n_hours_sunshine,2,14410,55,0.007575757575757569,month_province,-0.05363759919555555,-0.06980767646850644,-0.04634383167518606,0.09993071127186474,0.0,,0.06980767646850644,0.05363759919555555
Influenza_rates,n_hours_sunshine,3,14355,55,0.011363636363636354,month_province,-0.041699937540379636,-0.06021957498056056,-0.04004485668079176,0.0945191399723349,0.000657187351931654,,0.06021957498056056,0.041699937540379636
Influenza_rates,n_hours_sunshine,4,14300,55,0.015151515151515138,month_province,-0.026333333905958902,-0.05006963790502733,-0.033267621045910856,0.07376985783674547,0.0071541080481756225,,0.05006963790502733,0.026333333905958902
Influenza_rates,n_hours_sunshine,5,14245,55,0.018939393939393923,month_province,-0.024286408704078815,-0.04584122966382901,-0.03050248509861029,0.05294253995232396,0.0,,0.04584122966382901,0.024286408704078815
Influenza_rates,n_hours_sunshine,6,14190,55,0.022727272727272707,month_province,-0.01149221423556124,-0.025026281905125975,-0.01656834837480248,0.04473539460941452,0.021145016707169617,,0.025026281905125975,0.01149221423556124
Influenza_rates,poverty_rate,0,12672,48,0.12727272727272732,month_province,0.2634177139946574,0.3542211210674234,0.2504462439645337,0.3788362815905122,0.32643521188219804,,0.3542211210674234,0.2634177139946574
Influenza_rates,poverty_rate,1,12624,48,0.13057851239669427,month_province,0.26514269253194395,0.3546802907970585,0.25067780746582197,0.3925395246720914,0.31475149533902336,,0.3546802907970585,0.26514269253194395
Influenza_rates,poverty_rate,2,12576,48,0.1338842975206611,month_province,0.2681554749265584,0.35848920820836505,0.2533206484684549,0.3957156519493624,0.32054107779933894,,0.35848920820836505,0.2681554749265584
Influenza_rates,poverty_rate,3,12528,48,0.13719008264462806,month_province,0.2794262128392721,0.3635853490979923,0.25724367183663893,0.41495638026560855,0.3161669543164827,,0.3635853490979923,0.2794262128392721
Influenza_rates,poverty_rate,4,12480,48,0.14049586776859502,month_province,0.2816190500612009,0.3664935681715134,0.25953904632725994,0.40357844872425636,0.3257582222069253,,0.3664935681715134,0.2816190500612009
Influenza_rates,poverty_rate,5,12432,48,0.14380165289256197,month_province,0.2840745177703995,0.3679272293408172,0.2607379035769423,0.38598519154034966,0.3178659226470053,,0.3679272293408172,0.2840745177703995
Influenza_rates,poverty_rate,6,12384,48,0.14710743801652892,month_province,0.2860384122704319,0.37052133239370805,0.26272137660626305,0.3832028951679174,0.30362146688845204,,0.37052133239370805,0.2860384122704319
Influenza_rates,clean_water_rate_all,0,14520,55,0.0,month_province,0.05727004775994955,0.001854237873855958,0.001073419329705387,0.14499886608760829,0.24766595816036663,,0.001854237873855958,0.05727004775994955
Influenza_rates,clean_water_rate_all,1,14465,55,0.0037878787878787845,month_province,0.0611950258962754,0.009094085234094705,0.0060101632394366535,0.14366585584963495,0.2307121427459755,,0.009094085234094705,0.0611950258962754
Influenza_rates,clean_water_rate_all,2,14410,55,0.007575757575757569,month_province,0.0643330688907996,0.013295421535743476,0.008905270409420093,0.1288163226795544,0.22577821273973253,,0.013295421535743476,0.0643330688907996
Influenza_rates,clean_water_rate_all,3,14355,55,0.011363636363636354,month_province,0.06793602630430953,0.016132482596917203,0.011626977064937639,0.15457777070350842,0.22863515595269845,,0.016132482596917203,0.06793602630430953
Influenza_rates,clean_water_rate_all,4,14300,55,0.015151515151515138,month_province,0.07301315261217534,0.023849595492378747,0.01701439173587994,0.16315964798213786,0.18209388161593543,,0.023849595492378747,0.07301315261217534
Influenza_rates,clean_water_rate_all,5,14245,55,0.018939393939393923,month_province,0.0775392604394214,0.03072571844340922,0.021764268989889125,0.14789462488454802,0.24315467592679507,,0.03072571844340922,0.0775392604394214
Influenza_rates,clean_water_rate_all,6,14190,55,0.022727272727272707,month_province,0.08022084879914888,0.036370095153042334,0.02568765942289567,0.1576914797532944,0.19498283658050308,,0.036370095153042334,0.08022084879914888
Influenza_rates,urban_water_usage_rate,0,14520,55,0.0,month_province,-0.12477901580298581,-0.09774896970351962,-0.06649005956721644,0.18469620606429893,0.2848399053279067,,0.09774896970351962,0.12477901580298581
Influenza_rates,urban_water_usage_rate,1,14465,55,0.0037878787878787845,month_province,-0.12298884160292184,-0.08710059377001349,-0.05854104160566763,0.21180396826318082,0.3091205791859988,,0.08710059377001349,0.12298884160292184
Influenza_rates,urban_water_usage_rate,2,14410,55,0.007575757575757569,month_province,-0.12079225424401636,-0.08027722680150808,-0.053510070940343435,0.20515978032651613,0.2657563165702532,,0.08027722680150808,0.12079225424401636
Influenza_rates,urban_water_usage_rate,3,14355,55,0.011363636363636354,month_province,-0.1204900890942309,-0.07000979757031951,-0.04653748407804676,0.19094450257864887,0.21379439218842933,,0.07000979757031951,0.1204900890942309
Influenza_rates,urban_water_usage_rate,4,14300,55,0.015151515151515138,month_province,-0.11664797428875436,-0.06019576367115122,-0.039815355340827356,0.19298469714617766,0.2409424869804151,,0.06019576367115122,0.11664797428875436
Influenza_rates,urban_water_usage_rate,5,14245,55,0.018939393939393923,month_province,-0.11223413847444892,-0.0504634545759896,-0.03319124845360491,0.16642793615991092,0.21356476901639931,,0.0504634545759896,0.11223413847444892
Influenza_rates,urban_water_usage_rate,6,14190,55,0.022727272727272707,month_province,-0.10694875485782487,-0.04467216257838336,-0.029612837463410927,0.1548446931702212,0.2297857114836166,,0.04467216257838336,0.10694875485782487
Influenza_rates,toilet_rate,0,14520,55,0.0,month_province,-0.27863167189417537,-0.37270427069831064,-0.2673267620872816,0.3820586433728318,0.271039476873562,,0.37270427069831064,0.27863167189417537
Influenza_rates,toilet_rate,1,14465,55,0.0037878787878787845,month_province,-0.281018106622975,-0.38281104328592785,-0.26862145353571987,0.3704088519071009,0.2396440570425611,,0.38281104328592785,0.281018106622975
Influenza_rates,toilet_rate,2,14410,55,0.007575757575757569,month_province,-0.281788966211253,-0.38183550129159904,-0.2667364828717396,0.41591387903969396,0.28979720772150763,,0.38183550129159904,0.281788966211253
Influenza_rates,toilet_rate,3,14355,55,0.011363636363636354,month_province,-0.2889829639143753,-0.3814235218250745,-0.2657963029695869,0.4076186201736394,0.2646227536280197,,0.3814235218250745,0.2889829639143753
Influenza_rates,toilet_rate,4,14300,55,0.015151515151515138,month_province,-0.28975109547855654,-0.382160189797797,-0.26582454229085933,0.39145659746180717,0.23080542987711716,,0.382160189797797,0.28975109547855654
Influenza_rates,toilet_rate,5,14245,55,0.018939393939393923,month_province,-0.28991022641270664,-0.38310626733243625,-0.26614671093011627,0.3765048682262774,0.26303783716280993,,0.38310626733243625,0.28991022641270664
Influenza_rates,toilet_rate,6,14190,55,0.022727272727272707,month_province,-0.2899398505206374,-0.3859441998220435,-0.2678082173815032,0.42284388927862593,0.24496220998171925,,0.3859441998220435,0.2899398505206374
Influenza_rates,population_density,0,14520,55,0.0,month_province,-0.12220290460940397,-0.35567584340050795,-0.23116740588215007,0.3227264182529386,0.30252453137092683,,0.35567584340050795,0.12220290460940397
Influenza_rates,population_density,1,14465,55,0.0037878787878787845,month_province,-0.12327156371016207,-0.356700545321431,-0.23145613699963866,0.31476342157776505,0.31126695698545337,,0.356700545321431,0.12327156371016207
Influenza_rates,population_density,2,14410,55,0.007575757575757569,month_province,-0.12396346415596729,-0.35852548342515467,-0.23235632416119859,0.3434887604435039,0.3095980184770504,,0.35852548342515467,0.12396346415596729
Influenza_rates,population_density,3,14355,55,0.011363636363636354,month_province,-0.12750034798350934,-0.36178775267449115,-0.23426628039264075,0.3256665250117847,0.29446494968859405,,0.36178775267449115,0.12750034798350934
Influenza_rates,population_density,4,14300,55,0.015151515151515138,month_province,-0.12790833610560437,-0.36254368812379506,-0.23485865760065272,0.35407140118998326,0.3051215017918274,,0.36254368812379506,0.12790833610560437
Influenza_rates,population_density,5,14245,55,0.018939393939393923,month_province,-0.12892875325821226,-0.3642999182864616,-0.2360783730905162,0.3325887628886848,0.3236667910676365,,0.3642999182864616,0.12892875325821226
Influenza_rates,population_density,6,14190,55,0.022727272727272707,month_province,-0.12873476241101833,-0.3655105888103555,-0.2371022762431879,0.35627387795401877,0.3045594768854025,,0.3655105888103555,0.12873476241101833
Influenza_rates,Dengue_fever_rates,0,14520,55,0.0,month_province,0.026899051975283916,-0.02028299449070894,-0.013303143889562646,0.0805048508177604,0.07357555074350852,,0.02028299449070894,0.026899051975283916
Influenza_rates,Dengue_fever_rates,1,14465,55,0.0037878787878787845,month_province,0.0106206681429164,-0.005590155076491675,-0.0037655742715811454,0.06104904279983537,0.05253950560871967,,0.005590155076491675,0.0106206681429164
Influenza_rates,Dengue_fever_rates,2,14410,55,0.007575757575757569,month_province,0.00841919429417387,-0.0010621587328949926,-0.0008545756974513684,0.07509671837204603,0.05009592362031601,,0.0010621587328949926,0.00841919429417387
Influenza_rates,Dengue_fever_rates,3,14355,55,0.011363636363636354,month_province,0.022401704637000364,0.0037514529544424398,0.0021701790081813653,0.0747832761543532,0.05754155549109452,,0.0037514529544424398,0.022401704637000364
Influenza_rates,Dengue_fever_rates,4,14300,55,0.015151515151515138,month_province,0.015643263103896844,-0.002289215604178387,-0.002049972640228221,0.07048703028054909,0.07372369228971909,,0.002289215604178387,0.015643263103896844
Influenza_rates,Dengue_fever_rates,5,14245,55,0.018939393939393923,month_province,0.013663683242465566,-0.011587183070970243,-0.008243271050480184,0.07941207077742435,0.053237503384476526,,0.011587183070970243,0.013663683242465566
Influenza_rates,Dengue_fever_rates,6,14190,55,0.022727272727272707,month_province,0.005517371009448817,-0.020887600653198588,-0.014431727335684569,0.07810228132928455,0.0437996114004946,,0.020887600653198588,0.005517371009448817
Influenza_rates,Diarrhoea_rates,0,14520,55,0.0,month_province,0.529775712608321,0.5379613946125229,0.3947384414338195,0.5522131859306975,0.3088479035643914,,0.5379613946125229,0.529775712608321
Influenza_rates,Diarrhoea_rates,1,14465,55,0.0037878787878787845,month_province,0.35036762665374266,0.46695468578881044,0.3387791726344616,0.45071816483013816,0.23105367397100807,,0.46695468578881044,0.35036762665374266
Influenza_rates,Diarrhoea_rates,2,14410,55,0.007575757575757569,month_province,0.3492273232218488,0.458233378215951,0.3316500560413708,0.43392522016409013,0.2284844294557029,,0.458233378215951,0.3492273232218488
Influenza_rates,Diarrhoea_rates,3,14355,55,0.011363636363636354,month_province,0.35009115394447826,0.4633629521546265,0.33550492114280345,0.5026905439378342,0.2448093857293312,,0.4633629521546265,0.35009115394447826
Influenza_rates,Diarrhoea_rates,4,14300,55,0.015151515151515138,month_province,0.3361171747982007,0.4535231357643864,0.327361717499606,0.45030570311856877,0.25234787562216,,0.4535231357643864,0.3361171747982007
Influenza_rates,Diarrhoea_rates,5,14245,55,0.018939393939393923,month_province,0.32232838081649784,0.44754403019168926,0.3217839644488825,0.4322180684771397,0.23702889234690616,,0.44754403019168926,0.32232838081649784
Influenza_rates,Diarrhoea_rates,6,14190,55,0.022727272727272707,month_province,0.30293470456776134,0.4367877647917227,0.3130926588215159,0.3992724615514384,0.19313101493621598,,0.4367877647917227,0.30293470456776134
Dengue_fever_rates,Total_Evaporation,0,14520,55,0.0,month_province,-0.06456971689335857,-0.11826389800355198,-0.08140052987114464,0.1370513646156491,0.04114686532641354,,0.11826389800355198,0.06456971689335857
Dengue_fever_rates,Total_Evaporation,1,14465,55,0.0037878787878787845,month_province,-0.06382653893624654,-0.1061393806080745,-0.07275381590521636,0.10441281148270483,0.03682094451679774,,0.1061393806080745,0.06382653893624654
Dengue_fever_rates,Total_Evaporation,2,14410,55,0.007575757575757569,month_province,-0.0392088136016526,-0.057872553124537755,-0.03943320916296568,0.09264415812774304,0.00715306505608293,,0.057872553124537755,0.0392088136016526
Dengue_fever_rates,Total_Evaporation,3,14355,55,0.011363636363636354,month_province,0.014800571754783824,0.026428821379914404,0.01791478223326635,0.0686363538465171,0.04042996945077704,,0.026428821379914404,0.014800571754783824
Dengue_fever_rates,Total_Evaporation,4,14300,55,0.015151515151515138,month_province,0.05104425558479669,0.09766624396822768,0.068347893936966,0.10879493741084996,0.04305520414044217,,0.09766624396822768,0.05104425558479669
Dengue_fever_rates,Total_Evaporation,5,14245,55,0.018939393939393923,month_province,0.06848662308972497,0.1357591824249102,0.09418800849563426,0.15505371559074227,0.04214982501614273,,0.1357591824249102,0.06848662308972497
Dengue_fever_rates,Total_Evaporation,6,14190,55,0.022727272727272707,month_province,0.05386737689648824,0.14068283525277245,0.09574872110719955,0.12230452776713971,0.043538433175101865,,0.14068283525277245,0.05386737689648824
Dengue_fever_rates,Total_Rainfall,0,14520,55,0.0,month_province,0.028908992974772146,0.10168902898936526,0.0705967552986363,0.12192039216324671,0.08885031385793507,,0.10168902898936526,0.028908992974772146
Dengue_fever_rates,Total_Rainfall,1,14465,55,0.0037878787878787845,month_province,0.011123297017320878,0.05199798169853919,0.036101035732836885,0.11202425550821692,0.1043882387790287,,0.05199798169853919,0.011123297017320878
Dengue_fever_rates,Total_Rainfall,2,14410,55,0.007575757575757569,month_province,-0.008664272328702254,-0.0188643743714664,-0.013447437999688958,0.08467655679699003,0.08150185962886436,,0.0188643743714664,0.008664272328702254
Dengue_fever_rates,Total_Rainfall,3,14355,55,0.011363636363636354,month_province,-0.035081830144022344,-0.08792968424698208,-0.05964429232586362,0.12769446429035475,0.05544727407406391,,0.08792968424698208,0.035081830144022344
Dengue_fever_rates,Total_Rainfall,4,14300,55,0.015151515151515138,month_province,-0.04096750457924803,-0.11054224217392458,-0.0733169195706754,0.1238344955406153,0.08205336077798275,,0.11054224217392458,0.04096750457924803
Dengue_fever_rates,Total_Rainfall,5,14245,55,0.018939393939393923,month_province,-0.03836552680623924,-0.10040266669936483,-0.0643316103523592,0.14111338979925064,0.08433510717361159,,0.10040266669936483,0.03836552680623924
Dengue_fever_rates,Total_Rainfall,6,14190,55,0.022727272727272707,month_province,-0.02013153330395661,-0.05442308735053469,-0.03483696687197386,0.10584123777665533,0.08268070680339257,,0.05442308735053469,0.02013153330395661
Dengue_fever_rates,Max_Daily_Rainfall,0,14520,55,0.0,month_province,0.020264337096567688,0.07756983383051659,0.052704997790220844,0.1017749686288899,0.08178616135164507,,0.07756983383051659,0.020264337096567688
Dengue_fever_rates,Max_Daily_Rainfall,1,14465,55,0.0037878787878787845,month_province,0.00948627859146876,0.034244636498547164,0.023487142230766433,0.07695745582422531,0.05727413408188742,,0.034244636498547164,0.00948627859146876
Dengue_fever_rates,Max_Daily_Rainfall,2,14410,55,0.007575757575757569,month_province,-0.007166336419766819,-0.01981712154829743,-0.013563209405302411,0.09291662020205654,0.05837000782906099,,0.01981712154829743,0.007166336419766819
Dengue_fever_rates,Max_Daily_Rainfall,3,14355,55,0.011363636363636354,month_province,-0.023817237819077137,-0.06278061890588374,-0.04254174955246914,0.10163903698766617,0.03993922921622861,,0.06278061890588374,0.023817237819077137
Dengue_fever_rates,Max_Daily_Rainfall,4,14300,55,0.015151515151515138,month_province,-0.02361835974850396,-0.07001313658134078,-0.046308432384421325,0.11994816605472221,0.06330563702884984,,0.07001313658134078,0.02361835974850396
Dengue_fever_rates,Max_Daily_Rainfall,5,14245,55,0.018939393939393923,month_province,-0.018298124059505275,-0.054013222448572026,-0.03421450604524203,0.08753325921909749,0.034632585917197645,,0.054013222448572026,0.018298124059505275
Dengue_fever_rates,Max_Daily_Rainfall,6,14190,55,0.022727272727272707,month_province,-0.007861926155029127,-0.01839344797649529,-0.011119805599286499,0.08594662124032532,0.03330601519775822,,0.01839344797649529,0.007861926155029127
Dengue_fever_rates,n_raining_days,0,14520,55,0.0,month_province,0.08352304019748862,0.14351403770488996,0.09903878367226576,0.16734568944491976,0.08360127633998005,,0.14351403770488996,0.08352304019748862
Dengue_fever_rates,n_raining_days,1,14465,55,0.0037878787878787845,month_province,0.07222312850119439,0.11115134865409233,0.07579775772709797,0.12260383345339396,0.08905352232962738,,0.11115134865409233,0.07222312850119439
Dengue_fever_rates,n_raining_days,2,14410,55,0.007575757575757569,month_province,0.04736964637599265,0.053496328041209774,0.03558882356473121,0.09134878407871,0.07708523982068627,,0.053496328041209774,0.04736964637599265
Dengue_fever_rates,n_raining_days,3,14355,55,0.011363636363636354,month_province,0.008500624109638642,-0.01715599879862701,-0.01374488850651841,0.08898361639112876,0.09357054272235832,,0.01715599879862701,0.008500624109638642
Dengue_fever_rates,n_raining_days,4,14300,55,0.015151515151515138,month_province,-0.01032597238592629,-0.06301045964372065,-0.04584500147088358,0.10699354527669316,0.13262988195488745,,0.06301045964372065,0.01032597238592629
Dengue_fever_rates,n_raining_days,5,14245,55,0.018939393939393923,month_province,-0.026175407575277518,-0.08368888813537678,-0.05900933183498242,0.12107149235268323,0.11057466143682504,,0.08368888813537678,0.026175407575277518
Dengue_fever_rates,n_raining_days,6,14190,55,0.022727272727272707,month_province,-0.016501584850147563,-0.07215993670172899,-0.05039047937291585,0.10853707339600012,0.11310406173204868,,0.07215993670172899,0.016501584850147563
Dengue_fever_rates,Average_temperature,0,14520,55,0.0,month_province,-0.06990233268048657,-0.15824035599921574,-0.10580893162900634,0.20075373348913456,0.07817743972567381,,0.15824035599921574,0.06990233268048657
Dengue_fever_rates,Average_temperature,1,14465,55,0.0037878787878787845,month_province,-0.09040029842438439,-0.2212144009411156,-0.1545505666144914,0.2294096780329487,0.14071669483539218,,0.2212144009411156,0.09040029842438439
Dengue_fever_rates,Average_temperature,2,14410,55,0.007575757575757569,month_province,-0.07494655768174045,-0.2093969414484226,-0.1458913862730859,0.2324068592057552,0.14771894768100147,,0.2093969414484226,0.07494655768174045
Dengue_fever_rates,Average_temperature,3,14355,55,0.011363636363636354,month_province,-0.03262329248377222,-0.12828312311281428,-0.08555605100920236,0.14243724730495305,0.08335876174857049,,0.12828312311281428,0.03262329248377222
Dengue_fever_rates,Average_temperature,4,14300,55,0.015151515151515138,month_province,0.018701164523877725,-0.009379198632263235,-0.005552573472978469,0.07208277502145678,0.05524297068695283,,0.009379198632263235,0.018701164523877725
Dengue_fever_rates,Average_temperature,5,14245,55,0.018939393939393923,month_province,0.07311522832113107,0.11967996665490453,0.07894864565100206,0.11170339026279802,0.07302547470966125,,0.11967996665490453,0.07311522832113107
Dengue_fever_rates,Average_temperature,6,14190,55,0.022727272727272707,month_province,0.11058094829669729,0.22600156091050982,0.15166260041001026,0.1751142238516502,0.1016333215528551,,0.22600156091050982,0.11058094829669729
Dengue_fever_rates,Average_Humidity,0,14520,55,0.0,month_province,0.05725681061845884,0.11146792930369803,0.07427199679081765,0.09639798588799177,0.09839752654476452,,0.11146792930369803,0.05725681061845884
Dengue_fever_rates,Average_Humidity,1,14465,55,0.0037878787878787845,month_province,0.048788549265862104,0.08911424344083313,0.05927625862758318,0.07201385414181692,0.07576948460327149,,0.08911424344083313,0.048788549265862104
Dengue_fever_rates,Average_Humidity,2,14410,55,0.007575757575757569,month_province,0.025261105668334137,0.04094985439820921,0.02728719506970682,0.07359535916217898,0.05355929113764457,,0.04094985439820921,0.025261105668334137
Dengue_fever_rates,Average_Humidity,3,14355,55,0.011363636363636354,month_province,-0.010198774656505082,-0.02216803461106043,-0.01499171010934868,0.07249168492634057,0.06175377526461645,,0.02216803461106043,0.010198774656505082
Dengue_fever_rates,Average_Humidity,4,14300,55,0.015151515151515138,month_province,-0.033755096014759116,-0.06819227392477321,-0.04683510083384099,0.11792935918029027,0.08354640847882244,,0.06819227392477321,0.033755096014759116
Dengue_fever_rates,Average_Humidity,5,14245,55,0.018939393939393923,month_province,-0.04166438053307556,-0.08612565095772393,-0.058374378664397396,0.0781825583008469,0.10334905825175511,,0.08612565095772393,0.04166438053307556
Dengue_fever_rates,Average_Humidity,6,14190,55,0.022727272727272707,month_province,-0.023068936444169283,-0.0737567170102702,-0.04911694319080623,0.1135984519436795,0.10579457998062569,,0.0737567170102702,0.023068936444169283
Dengue_fever_rates,n_hours_sunshine,0,14520,55,0.0,month_province,-0.0738276622303366,-0.17173747829527466,-0.1175947401532523,0.13814035349328402,0.04436366731250452,,0.17173747829527466,0.0738276622303366
Dengue_fever_rates,n_hours_sunshine,1,14465,55,0.0037878787878787845,month_province,-0.06273104785253993,-0.151856035859793,-0.1035257887880269,0.16524681835033567,0.06145962736653576,,0.151856035859793,0.06273104785253993
Dengue_fever_rates,n_hours_sunshine,2,14410,55,0.007575757575757569,month_province,-0.03196111743056944,-0.09419817313190845,-0.06297641322876081,0.10551458571170322,0.03486652301986304,,0.09419817313190845,0.03196111743056944
Dengue_fever_rates,n_hours_sunshine,3,14355,55,0.011363636363636354,month_province,0.012149027607059281,-0.0005068337616104651,0.00016092320269037446,0.05817725711697582,0.023421518982392975,,0.0005068337616104651,0.012149027607059281
Dengue_fever_rates,n_hours_sunshine,4,14300,55,0.015151515151515138,month_province,0.03820908479023548,0.08802240151172734,0.05996534471407008,0.11317785586799399,0.016279788473569035,,0.08802240151172734,0.03820908479023548
Dengue_fever_rates,n_hours_sunshine,5,14245,55,0.018939393939393923,month_province,0.07612793874076453,0.16032279313128422,0.11026143707974888,0.1333027716909199,0.04928885457279453,,0.16032279313128422,0.07612793874076453
Dengue_fever_rates,n_hours_sunshine,6,14190,55,0.022727272727272707,month_province,0.08078951926688123,0.18757633461856277,0.12907395235545063,0.20421382818254538,0.08208125786306475,,0.18757633461856277,0.08078951926688123
Dengue_fever_rates,poverty_rate,0,12672,48,0.12727272727272732,month_province,0.04571976659091062,0.054573035219000456,0.03501243171088586,0.09134122030090862,0.6580018633963878,,0.054573035219000456,0.04571976659091062
Dengue_fever_rates,poverty_rate,1,12624,48,0.13057851239669427,month_province,0.04538241230380205,0.053593858533831445,0.03433364088359716,0.0875330069361187,0.7585165453702283,,0.053593858533831445,0.04538241230380205
Dengue_fever_rates,poverty_rate,2,12576,48,0.1338842975206611,month_province,0.044998522385817225,0.052614035124249725,0.03347292917788826,0.08774502353785206,0.7540560644436809,,0.052614035124249725,0.044998522385817225
Dengue_fever_rates,poverty_rate,3,12528,48,0.13719008264462806,month_province,0.04452046100441204,0.05127438058385545,0.03237110580974915,0.11368896323669075,0.8497003779993255,,0.05127438058385545,0.04452046100441204
Dengue_fever_rates,poverty_rate,4,12480,48,0.14049586776859502,month_province,0.04399045510589217,0.04958487202424429,0.03109620799893454,0.08738972490768124,0.8895635350044806,,0.04958487202424429,0.04399045510589217
Dengue_fever_rates,poverty_rate,5,12432,48,0.14380165289256197,month_province,0.043202780583417685,0.04818700432648859,0.030325957668173992,0.10922769915068194,0.8342914213936563,,0.04818700432648859,0.043202780583417685
Dengue_fever_rates,poverty_rate,6,12384,48,0.14710743801652892,month_province,0.04207077943003333,0.04629967535360774,0.02939415716268601,0.10375642067959757,0.8499744370014195,,0.04629967535360774,0.04207077943003333
Dengue_fever_rates,clean_water_rate_all,0,14520,55,0.0,month_province,-0.04156530474313787,-0.05691823891996188,-0.038793792689434586,0.1364044221655203,0.4651091337690234,,0.05691823891996188,0.04156530474313787
Dengue_fever_rates,clean_water_rate_all,1,14465,55,0.0037878787878787845,month_province,-0.040562174464499196,-0.043775270381328696,-0.0284673425583189,0.10990842438934746,0.5510104896070165,,0.043775270381328696,0.040562174464499196
Dengue_fever_rates,clean_water_rate_all,2,14410,55,0.007575757575757569,month_province,-0.039700970713727815,-0.02874177264243174,-0.016870745877248763,0.12128836957532133,0.6103715870714503,,0.02874177264243174,0.039700970713727815
Dengue_fever_rates,clean_water_rate_all,3,14355,55,0.011363636363636354,month_province,-0.03899394320984792,-0.03544258984418727,-0.017894292532262417,0.12466918609536212,0.6279058586181256,,0.03544258984418727,0.03899394320984792
Dengue_fever_rates,clean_water_rate_all,4,14300,55,0.015151515151515138,month_province,-0.038182877178761974,-0.029109461503481416,-0.011878733189954162,0.12584121144561267,0.6891537166409996,,0.029109461503481416,0.038182877178761974
Dengue_fever_rates,clean_water_rate_all,5,14245,55,0.018939393939393923,month_province,-0.037332843232455774,-0.02302870658383422,-0.006718581847267562,0.12789308183712333,0.7513345334799739,,0.02302870658383422,0.037332843232455774
Dengue_fever_rates,clean_water_rate_all,6,14190,55,0.022727272727272707,month_province,-0.035868632795625445,-0.020089463422942738,-0.005196020742623847,0.12538589803604655,0.774997681850885,,0.020089463422942738,0.035868632795625445
Dengue_fever_rates,urban_water_usage_rate,0,14520,55,0.0,month_province,0.0010067677251030735,-0.0014330870896560313,-0.0010116086860034474,0.06606309790676358,1.4121393745829574,,0.0014330870896560313,0.0010067677251030735
Dengue_fever_rates,urban_water_usage_rate,1,14465,55,0.0037878787878787845,month_province,0.0014437571152944252,0.006854541235214054,0.004393107350318687,0.057878783064024046,1.4337256736685249,,0.006854541235214054,0.0014437571152944252
Dengue_fever_rates,urban_water_usage_rate,2,14410,55,0.007575757575757569,month_province,0.0013425393897513408,0.0171608398472037,0.011584977344625323,0.08193913168745834,1.5340036691654784,,0.0171608398472037,0.0013425393897513408
Dengue_fever_rates,urban_water_usage_rate,3,14355,55,0.011363636363636354,month_province,0.0011482297937249056,0.030471278638085176,0.02119086644641996,0.06780695061112355,1.5944513637046875,,0.030471278638085176,0.0011482297937249056
Dengue_fever_rates,urban_water_usage_rate,4,14300,55,0.015151515151515138,month_province,0.0016416278626821988,0.04450470653315478,0.03113855389150668,0.08245980553534915,1.591703925757599,,0.04450470653315478,0.0016416278626821988
Dengue_fever_rates,urban_water_usage_rate,5,14245,55,0.018939393939393923,month_province,0.0019817146625686877,0.05921207240808071,0.04086415720349234,0.07728529379589637,1.6502392418594027,,0.05921207240808071,0.0019817146625686877
Dengue_fever_rates,urban_water_usage_rate,6,14190,55,0.022727272727272707,month_province,0.002469861394834344,0.06550862898481179,0.04265321833424524,0.08640594281848687,1.7160449215752678,,0.06550862898481179,0.002469861394834344
Dengue_fever_rates,toilet_rate,0,14520,55,0.0,month_province,-0.08758371130874515,-0.06728450229558249,-0.04752182870092928,0.0896756582327327,0.45550070598662407,,0.06728450229558249,0.08758371130874515
Dengue_fever_rates,toilet_rate,1,14465,55,0.0037878787878787845,month_province,-0.08814243479321071,0.0016969502173307335,0.002179965292953893,0.13651427413040532,0.5252496766670642,,0.0016969502173307335,0.08814243479321071
Dengue_fever_rates,toilet_rate,2,14410,55,0.007575757575757569,month_province,-0.08855716392987052,0.004114212231714434,0.005609636409384853,0.12504562711056225,0.5577971916426518,,0.004114212231714434,0.08855716392987052
Dengue_fever_rates,toilet_rate,3,14355,55,0.011363636363636354,month_province,-0.08904470788761132,0.007399890167831042,0.009647988674665629,0.09663774504514398,0.5873768810887423,,0.007399890167831042,0.08904470788761132
Dengue_fever_rates,toilet_rate,4,14300,55,0.015151515151515138,month_province,-0.08917957577249386,0.011951182568340423,0.014125181191588445,0.09138425913187277,0.6381269687744662,,0.011951182568340423,0.08917957577249386
Dengue_fever_rates,toilet_rate,5,14245,55,0.018939393939393923,month_province,-0.0894693576423851,0.016932306273657608,0.018482453832265076,0.10957181350021193,0.6822942112475072,,0.016932306273657608,0.0894693576423851
Dengue_fever_rates,toilet_rate,6,14190,55,0.022727272727272707,month_province,-0.08910039799041738,0.01676719340479705,0.017438039312900524,0.12311240819352663,0.6710424540005788,,0.01676719340479705,0.08910039799041738
Dengue_fever_rates,population_density,0,14520,55,0.0,month_province,0.01369911921392911,0.002836817721755843,0.0022731560157257754,0.07498341466181738,0.9138845444190786,,0.002836817721755843,0.01369911921392911
Dengue_fever_rates,population_density,1,14465,55,0.0037878787878787845,month_province,0.013684794345152877,0.004181541208822786,0.0030598387294396715,0.07406939326703427,1.0661600694383817,,0.004181541208822786,0.013684794345152877
Dengue_fever_rates,population_density,2,14410,55,0.007575757575757569,month_province,0.013958658785158845,0.008971107113663099,0.006088344682787508,0.09139384816988859,1.0913227592180643,,0.008971107113663099,0.013958658785158845
Dengue_fever_rates,population_density,3,14355,55,0.011363636363636354,month_province,0.014256536459052834,0.014529331225714521,0.009433379891597858,0.07902436847638888,1.110796969647371,,0.014529331225714521,0.014256536459052834
Dengue_fever_rates,population_density,4,14300,55,0.015151515151515138,month_province,0.014993365696001194,0.020215230650627004,0.012907128559526481,0.08678456947270241,1.1609436533871786,,0.020215230650627004,0.014993365696001194
Dengue_fever_rates,population_density,5,14245,55,0.018939393939393923,month_province,0.015857906307482985,0.02612588368571468,0.016678985996320658,0.10407250938165614,1.2317789581102585,,0.02612588368571468,0.015857906307482985
Dengue_fever_rates,population_density,6,14190,55,0.022727272727272707,month_province,0.017121210773471528,0.027576828256455407,0.017773300723822993,0.0813860717355362,1.1801169665665303,,0.027576828256455407,0.017121210773471528
Dengue_fever_rates,Influenza_rates,0,14520,55,0.0,month_province,0.026899051975283916,-0.020282994490708937,-0.013303143889562647,0.08869002645231282,0.041096621877581896,,0.020282994490708937,0.026899051975283916
Dengue_fever_rates,Influenza_rates,1,14465,55,0.0037878787878787845,month_province,0.003940823287975912,-0.03535262645029756,-0.023180111102771614,0.06918473738224577,0.033060469943430704,,0.03535262645029756,0.003940823287975912
Dengue_fever_rates,Influenza_rates,2,14410,55,0.007575757575757569,month_province,-0.009216016501109845,-0.049577332013888316,-0.032565781124208805,0.06817857720734424,0.06339791301176945,,0.049577332013888316,0.009216016501109845
Dengue_fever_rates,Influenza_rates,3,14355,55,0.011363636363636354,month_province,-0.007573188319503068,-0.05259188896200356,-0.03468385699977783,0.07175483288223544,0.06943030239512815,,0.05259188896200356,0.007573188319503068
Dengue_fever_rates,Influenza_rates,4,14300,55,0.015151515151515138,month_province,-0.005154278587510873,-0.05090467609429663,-0.034016797461933375,0.07337933135527375,0.04596524435622573,,0.05090467609429663,0.005154278587510873
Dengue_fever_rates,Influenza_rates,5,14245,55,0.018939393939393923,month_province,-0.006185365139263914,-0.04873404606038308,-0.03273037622504808,0.06258474468210767,0.056320397049490545,,0.04873404606038308,0.006185365139263914
Dengue_fever_rates,Influenza_rates,6,14190,55,0.022727272727272707,month_province,-0.01055069065311316,-0.04287982098301121,-0.029023814856362243,0.07335234715071376,0.0626349204396357,,0.04287982098301121,0.01055069065311316
Dengue_fever_rates,Diarrhoea_rates,0,14520,55,0.0,month_province,-0.07000493477150538,-0.09181824152344177,-0.060367140666898626,0.13994975097000953,0.07915893370075455,,0.09181824152344177,0.07000493477150538
Dengue_fever_rates,Diarrhoea_rates,1,14465,55,0.0037878787878787845,month_province,-0.06723654860440546,-0.07593719055096819,-0.049582845933170826,0.12491611846089663,0.07318427264568683,,0.07593719055096819,0.06723654860440546
Dengue_fever_rates,Diarrhoea_rates,2,14410,55,0.007575757575757569,month_province,-0.057294554436258124,-0.06417946939739139,-0.04174246745778593,0.1259620544901987,0.06523510653703468,,0.06417946939739139,0.057294554436258124
Dengue_fever_rates,Diarrhoea_rates,3,14355,55,0.011363636363636354,month_province,-0.04631920244531462,-0.05098928802089347,-0.03298833320917457,0.09174847901461033,0.08788084873783131,,0.05098928802089347,0.04631920244531462
Dengue_fever_rates,Diarrhoea_rates,4,14300,55,0.015151515151515138,month_province,-0.0359369904240546,-0.039736153143928366,-0.025811107408604813,0.09585927141177084,0.06645867280380546,,0.039736153143928366,0.0359369904240546
Dengue_fever_rates,Diarrhoea_rates,5,14245,55,0.018939393939393923,month_province,-0.026319131952837783,-0.02785960020214928,-0.018178929813679693,0.10170175137653052,0.05057306203197687,,0.02785960020214928,0.026319131952837783
Dengue_fever_rates,Diarrhoea_rates,6,14190,55,0.022727272727272707,month_province,-0.010281108499196504,-0.019583440131367563,-0.012994075143990773,0.06800350749268612,0.056591245592903405,,0.019583440131367563,0.010281108499196504
Diarrhoea_rates,Total_Evaporation,0,14520,55,0.0,month_province,0.035604199507649016,0.052103047593936476,0.03465217750945921,0.09834367867460948,0.014920454769318248,,0.052103047593936476,0.035604199507649016
Diarrhoea_rates,Total_Evaporation,1,14465,55,0.0037878787878787845,month_province,0.04861860490265681,0.06475219331081111,0.04312887309441432,0.08592969946713658,0.0,,0.06475219331081111,0.04861860490265681
Diarrhoea_rates,Total_Evaporation,2,14410,55,0.007575757575757569,month_province,0.062166855144616305,0.07366440724132323,0.049217802480492436,0.08860721414561307,0.007355560257088278,,0.07366440724132323,0.062166855144616305
Diarrhoea_rates,Total_Evaporation,3,14355,55,0.011363636363636354,month_province,0.07224789438882528,0.07878763260222513,0.05254544603653124,0.07528145185174633,0.007887324171501398,,0.07878763260222513,0.07224789438882528
Diarrhoea_rates,Total_Evaporation,4,14300,55,0.015151515151515138,month_province,0.07338203123450637,0.07908739128316468,0.05269395883750499,0.08713834826514694,0.01301368722879559,,0.07908739128316468,0.07338203123450637
Diarrhoea_rates,Total_Evaporation,5,14245,55,0.018939393939393923,month_province,0.06060050460934675,0.06596519058219343,0.04391418422135292,0.046222033821412455,0.0013159851822184265,,0.06596519058219343,0.06060050460934675
Diarrhoea_rates,Total_Evaporation,6,14190,55,0.022727272727272707,month_province,0.049438986499865695,0.05164527196435063,0.034306077817301835,0.059922314893271204,0.012962258238517599,,0.05164527196435063,0.049438986499865695
Diarrhoea_rates,Total_Rainfall,0,14520,55,0.0,month_province,0.02364687250764017,-0.009082493568525592,-0.0061581318926157355,0.05487296639081989,0.011859588524330889,,0.009082493568525592,0.02364687250764017
Diarrhoea_rates,Total_Rainfall,1,14465,55,0.0037878787878787845,month_province,0.009499918856766505,-0.01730213506003706,-0.011590628111011846,0.0573672225471465,0.01164410616859346,,0.01730213506003706,0.009499918856766505
Diarrhoea_rates,Total_Rainfall,2,14410,55,0.007575757575757569,month_province,-0.006807911323491048,-0.026951093163055995,-0.01802378908994562,0.06307899894855792,0.0,,0.026951093163055995,0.006807911323491048
Diarrhoea_rates,Total_Rainfall,3,14355,55,0.011363636363636354,month_province,-0.012824946101046585,-0.03131595980038693,-0.020994686186755176,0.05618537862914504,0.0,,0.03131595980038693,0.012824946101046585
Diarrhoea_rates,Total_Rainfall,4,14300,55,0.015151515151515138,month_province,-0.02026463278177598,-0.03642655611665584,-0.02446328741448739,0.07542891900843585,0.012171488348232451,,0.03642655611665584,0.02026463278177598
Diarrhoea_rates,Total_Rainfall,5,14245,55,0.018939393939393923,month_province,-0.03217514772717392,-0.0419072911604155,-0.028094742677475106,0.05366916865196469,0.0031419000954269194,,0.0419072911604155,0.03217514772717392
Diarrhoea_rates,Total_Rainfall,6,14190,55,0.022727272727272707,month_province,-0.03255213760402888,-0.032129018021150924,-0.02146094960757482,0.06972693212123235,0.0,,0.032129018021150924,0.03255213760402888
Diarrhoea_rates,Max_Daily_Rainfall,0,14520,55,0.0,month_province,0.022285190166028278,-0.0121159412592691,-0.007973920761267,0.07991296760708529,0.016370273906510135,,0.0121159412592691,0.022285190166028278
Diarrhoea_rates,Max_Daily_Rainfall,1,14465,55,0.0037878787878787845,month_province,0.006204470709619702,-0.015081604623040479,-0.009939876319637138,0.05940830931241263,0.0,,0.015081604623040479,0.006204470709619702
Diarrhoea_rates,Max_Daily_Rainfall,2,14410,55,0.007575757575757569,month_province,-0.004763217899461611,-0.02387612325553961,-0.015864973479053628,0.07947634202653799,0.006308612055125451,,0.02387612325553961,0.004763217899461611
Diarrhoea_rates,Max_Daily_Rainfall,3,14355,55,0.011363636363636354,month_province,-0.007416557214959588,-0.026345875652445887,-0.01748417269389567,0.058319566826896194,0.017391719518001558,,0.026345875652445887,0.007416557214959588
Diarrhoea_rates,Max_Daily_Rainfall,4,14300,55,0.015151515151515138,month_province,-0.015179247687640519,-0.04005181735980694,-0.026640356678627162,0.06732514751901461,0.0,,0.04005181735980694,0.015179247687640519
Diarrhoea_rates,Max_Daily_Rainfall,5,14245,55,0.018939393939393923,month_province,-0.029288881523352208,-0.044206166115061646,-0.029533648970880278,0.07916313158394957,0.0,,0.044206166115061646,0.029288881523352208
Diarrhoea_rates,Max_Daily_Rainfall,6,14190,55,0.022727272727272707,month_province,-0.02963512263922144,-0.03948110662164356,-0.026309223015293884,0.0885665816512156,0.007644127335257878,,0.03948110662164356,0.02963512263922144
Diarrhoea_rates,n_raining_days,0,14520,55,0.0,month_province,0.0650176602293125,0.08709725024093345,0.059336187682160035,0.12862384227371662,0.03197226569018152,,0.08709725024093345,0.0650176602293125
Diarrhoea_rates,n_raining_days,1,14465,55,0.0037878787878787845,month_province,0.061407381909542945,0.0861421806871735,0.05829623221765653,0.13381290864296,0.055223879516536734,,0.0861421806871735,0.061407381909542945
Diarrhoea_rates,n_raining_days,2,14410,55,0.007575757575757569,month_province,0.05440609363488948,0.08424150589449,0.056788051044429105,0.11749439463947776,0.041513283926844835,,0.08424150589449,0.05440609363488948
Diarrhoea_rates,n_raining_days,3,14355,55,0.011363636363636354,month_province,0.05006549237433704,0.0863812082487441,0.05776452246541794,0.1471802654639183,0.04006771471571202,,0.0863812082487441,0.05006549237433704
Diarrhoea_rates,n_raining_days,4,14300,55,0.015151515151515138,month_province,0.04854794379805025,0.08521892608340303,0.056738908131948054,0.1046707593276796,0.04647827334196197,,0.08521892608340303,0.04854794379805025
Diarrhoea_rates,n_raining_days,5,14245,55,0.018939393939393923,month_province,0.04110669744944206,0.08890176840857468,0.059033863039866345,0.09610131735094048,0.02982892333804088,,0.08890176840857468,0.04110669744944206
Diarrhoea_rates,n_raining_days,6,14190,55,0.022727272727272707,month_province,0.045307394205152104,0.09799184835771635,0.06500383214646488,0.15437112175213488,0.013600290000495896,,0.09799184835771635,0.045307394205152104
Diarrhoea_rates,Average_temperature,0,14520,55,0.0,month_province,-0.009812762783458273,-0.02354084111586612,-0.015764749560603523,0.06754573082027983,0.01693687291600643,,0.02354084111586612,0.009812762783458273
Diarrhoea_rates,Average_temperature,1,14465,55,0.0037878787878787845,month_province,-0.004612497752396007,-0.015721640575163592,-0.010517529036601454,0.046648106118045984,0.0023437465309585903,,0.015721640575163592,0.004612497752396007
Diarrhoea_rates,Average_temperature,2,14410,55,0.007575757575757569,month_province,-0.008668921874763343,-0.014069897964076898,-0.009475988055245016,0.0445196071782984,0.0,,0.014069897964076898,0.008668921874763343
Diarrhoea_rates,Average_temperature,3,14355,55,0.011363636363636354,month_province,-0.018865886777943146,-0.02251958434792779,-0.015029786725117924,0.055741408661425025,0.0,,0.02251958434792779,0.018865886777943146
Diarrhoea_rates,Average_temperature,4,14300,55,0.015151515151515138,month_province,-0.023395106130508096,-0.029135082243252137,-0.019449925778821084,0.07454705162636478,0.010666055399566332,,0.029135082243252137,0.023395106130508096
Diarrhoea_rates,Average_temperature,5,14245,55,0.018939393939393923,month_province,-0.043421529059704575,-0.04626975434124887,-0.030939103829027197,0.08234792192289364,0.008961767753111083,,0.04626975434124887,0.043421529059704575
Diarrhoea_rates,Average_temperature,6,14190,55,0.022727272727272707,month_province,-0.055489724991730216,-0.059343307709863576,-0.03964093901826984,0.04793548465515324,0.0,,0.059343307709863576,0.055489724991730216
Diarrhoea_rates,Average_Humidity,0,14520,55,0.0,month_province,0.02927572643502238,0.039893151994544435,0.02656705771705306,0.07540656566958956,0.00689712442571544,,0.039893151994544435,0.02927572643502238
Diarrhoea_rates,Average_Humidity,1,14465,55,0.0037878787878787845,month_province,0.014479252651789601,0.030348769072984623,0.020363924940216546,0.05766915334795316,0.0,,0.030348769072984623,0.014479252651789601
Diarrhoea_rates,Average_Humidity,2,14410,55,0.007575757575757569,month_province,0.000236972912102056,0.01614346250140647,0.010843530571646678,0.04237641761083809,0.0,,0.01614346250140647,0.000236972912102056
Diarrhoea_rates,Average_Humidity,3,14355,55,0.011363636363636354,month_province,-0.00498099056429381,0.015632686343751274,0.010572536596327325,0.07200348884248954,0.02050200349030451,,0.015632686343751274,0.00498099056429381
Diarrhoea_rates,Average_Humidity,4,14300,55,0.015151515151515138,month_province,0.0012686299551250132,0.02180267375369842,0.014704244017989039,0.043952111039208444,0.0,,0.02180267375369842,0.0012686299551250132
Diarrhoea_rates,Average_Humidity,5,14245,55,0.018939393939393923,month_province,0.009036185573107498,0.030492764068892002,0.0204402839009916,0.041254788060769446,0.0,,0.030492764068892002,0.009036185573107498
Diarrhoea_rates,Average_Humidity,6,14190,55,0.022727272727272707,month_province,0.023387657232940843,0.0481768686125858,0.03224622051780323,0.07556380577308591,0.027634175856485754,,0.0481768686125858,0.023387657232940843
Diarrhoea_rates,n_hours_sunshine,0,14520,55,0.0,month_province,-0.00623781590076858,-0.01150380073513264,-0.007562606354696433,0.046726222729390136,0.0,,0.01150380073513264,0.00623781590076858
Diarrhoea_rates,n_hours_sunshine,1,14465,55,0.0037878787878787845,month_province,0.007399856967733749,-0.0014033442797584587,-0.0009074253328498142,0.05308459069031404,0.008219098739219,,0.0014033442797584587,0.007399856967733749
Diarrhoea_rates,n_hours_sunshine,2,14410,55,0.007575757575757569,month_province,0.015728132911750212,0.007716976545000804,0.005112032986865077,0.05606647363991093,0.01738585365474954,,0.007716976545000804,0.015728132911750212
Diarrhoea_rates,n_hours_sunshine,3,14355,55,0.011363636363636354,month_province,0.02042891808438299,0.009953984498793932,0.0065401260466958905,0.05465076930564082,0.00130501731678212,,0.009953984498793932,0.02042891808438299
Diarrhoea_rates,n_hours_sunshine,4,14300,55,0.015151515151515138,month_province,0.024284698635494047,0.018259385205876433,0.012183905632164139,0.058013293125869246,0.0,,0.018259385205876433,0.024284698635494047
Diarrhoea_rates,n_hours_sunshine,5,14245,55,0.018939393939393923,month_province,0.02175391990017252,0.008478256318483582,0.0056444951938569975,0.05503702817279564,0.0034357610346953393,,0.008478256318483582,0.02175391990017252
Diarrhoea_rates,n_hours_sunshine,6,14190,55,0.022727272727272707,month_province,0.011183925766083517,-0.004912395312789067,-0.0033029377658056578,0.0579644553577355,0.020772434884142932,,0.004912395312789067,0.011183925766083517
Diarrhoea_rates,poverty_rate,0,12672,48,0.12727272727272732,month_province,0.31874295792926877,0.41107472718623567,0.28271485264723467,0.4369749636435759,0.3570495229849584,,0.41107472718623567,0.31874295792926877
Diarrhoea_rates,poverty_rate,1,12624,48,0.13057851239669427,month_province,0.3187526332774504,0.4104792482463665,0.28198131133167936,0.4312651257464787,0.347285337499982,,0.4104792482463665,0.3187526332774504
Diarrhoea_rates,poverty_rate,2,12576,48,0.1338842975206611,month_province,0.3197327591762476,0.4099555388880312,0.281643107030986,0.43932174687695197,0.3035178725380252,,0.4099555388880312,0.3197327591762476
Diarrhoea_rates,poverty_rate,3,12528,48,0.13719008264462806,month_province,0.32049613789444026,0.40889958000755994,0.2811012327293858,0.4186385433647253,0.300527872024575,,0.40889958000755994,0.32049613789444026
Diarrhoea_rates,poverty_rate,4,12480,48,0.14049586776859502,month_province,0.3202222136740306,0.4078353959715068,0.28034162560414166,0.4243552813574571,0.31169547124130226,,0.4078353959715068,0.3202222136740306
Diarrhoea_rates,poverty_rate,5,12432,48,0.14380165289256197,month_province,0.3195490994669116,0.405926404581516,0.2789964413158364,0.42382303906481766,0.28476651859988866,,0.405926404581516,0.3195490994669116
Diarrhoea_rates,poverty_rate,6,12384,48,0.14710743801652892,month_province,0.31746061284916366,0.40360419899405575,0.27736227744976233,0.4519838380912477,0.31433118679005023,,0.40360419899405575,0.31746061284916366
Diarrhoea_rates,clean_water_rate_all,0,14520,55,0.0,month_province,0.027999847754176885,-0.05712991077614654,-0.04064065386181069,0.1426175136119273,0.27989379142428916,,0.05712991077614654,0.027999847754176885
Diarrhoea_rates,clean_water_rate_all,1,14465,55,0.0037878787878787845,month_province,0.033049835664895826,-0.04995392210108414,-0.0353521903761206,0.14612202504727714,0.276308399448713,,0.04995392210108414,0.033049835664895826
Diarrhoea_rates,clean_water_rate_all,2,14410,55,0.007575757575757569,month_province,0.03812535994698546,-0.04482176712061589,-0.03170778332014367,0.13440839204685415,0.27752066948314846,,0.04482176712061589,0.03812535994698546
Diarrhoea_rates,clean_water_rate_all,3,14355,55,0.011363636363636354,month_province,0.04333649391744522,-0.03803765601979736,-0.02653712556675607,0.15453147755643026,0.2767445327395426,,0.03803765601979736,0.04333649391744522
Diarrhoea_rates,clean_water_rate_all,4,14300,55,0.015151515151515138,month_province,0.0490643873872412,-0.029534178063246295,-0.020487194589101115,0.13776864311669393,0.25412811286851467,,0.029534178063246295,0.0490643873872412
Diarrhoea_rates,clean_water_rate_all,5,14245,55,0.018939393939393923,month_province,0.05427104090560705,-0.021616678775623902,-0.014858872046812415,0.14807484692566544,0.2258361447809798,,0.021616678775623902,0.05427104090560705
Diarrhoea_rates,clean_water_rate_all,6,14190,55,0.022727272727272707,month_province,0.058881266008418434,-0.014907623086141842,-0.01011293057485893,0.13406327401198959,0.24681873401267085,,0.014907623086141842,0.058881266008418434
Diarrhoea_rates,urban_water_usage_rate,0,14520,55,0.0,month_province,-0.14927492619057114,-0.11836528559915556,-0.08094291079990527,0.24235036059574322,0.21089333557262524,,0.11836528559915556,0.14927492619057114
Diarrhoea_rates,urban_water_usage_rate,1,14465,55,0.0037878787878787845,month_province,-0.14739509324226827,-0.10983735204504921,-0.07490922126416702,0.24053311694321167,0.18901281502790868,,0.10983735204504921,0.14739509324226827
Diarrhoea_rates,urban_water_usage_rate,2,14410,55,0.007575757575757569,month_province,-0.14465131162541148,-0.1036345847391222,-0.07056796403454337,0.2347710532389169,0.18757460844192808,,0.1036345847391222,0.14465131162541148
Diarrhoea_rates,urban_water_usage_rate,3,14355,55,0.011363636363636354,month_province,-0.13961560689949606,-0.09607946394775027,-0.06534105023065588,0.2141481144099917,0.16076522006868466,,0.09607946394775027,0.13961560689949606
Diarrhoea_rates,urban_water_usage_rate,4,14300,55,0.015151515151515138,month_province,-0.13448494239261594,-0.08828313730335974,-0.059908263013951864,0.17138465961646165,0.1576430025372786,,0.08828313730335974,0.13448494239261594
Diarrhoea_rates,urban_water_usage_rate,5,14245,55,0.018939393939393923,month_province,-0.12956839826853342,-0.081486044372199,-0.055300879927296036,0.19976243674209937,0.18565296665208297,,0.081486044372199,0.12956839826853342
Diarrhoea_rates,urban_water_usage_rate,6,14190,55,0.022727272727272707,month_province,-0.12267145623653067,-0.08208328738247571,-0.05588156455945171,0.23874796585818633,0.1583206489025457,,0.08208328738247571,0.12267145623653067
Diarrhoea_rates,toilet_rate,0,14520,55,0.0,month_province,-0.37624862212930466,-0.5028638334807234,-0.3727312284066452,0.4965029402114181,0.3137351451474335,,0.5028638334807234,0.37624862212930466
Diarrhoea_rates,toilet_rate,1,14465,55,0.0037878787878787845,month_province,-0.37747242344468535,-0.5058823377219245,-0.370864303259355,0.529533165650721,0.30776411976130813,,0.5058823377219245,0.37747242344468535
Diarrhoea_rates,toilet_rate,2,14410,55,0.007575757575757569,month_province,-0.37748595520402445,-0.5038178610781511,-0.36745030696881525,0.5005598075598983,0.31938872795788065,,0.5038178610781511,0.37748595520402445
Diarrhoea_rates,toilet_rate,3,14355,55,0.011363636363636354,month_province,-0.3761779792611016,-0.5018871699545664,-0.36456333783368167,0.5192030532962,0.3028375895929032,,0.5018871699545664,0.3761779792611016
Diarrhoea_rates,toilet_rate,4,14300,55,0.015151515151515138,month_province,-0.37555049243504557,-0.5003837839402177,-0.36241437372458646,0.4872606715854523,0.2942971869899784,,0.5003837839402177,0.37555049243504557
Diarrhoea_rates,toilet_rate,5,14245,55,0.018939393939393923,month_province,-0.37515981902484674,-0.5000722163743745,-0.3613767260525922,0.528565776661188,0.299665229826656,,0.5000722163743745,0.37515981902484674
Diarrhoea_rates,toilet_rate,6,14190,55,0.022727272727272707,month_province,-0.373942863457759,-0.5009202402574391,-0.36147650438348006,0.5164133784004192,0.28781667775926767,,0.5009202402574391,0.373942863457759
Diarrhoea_rates,population_density,0,14520,55,0.0,month_province,-0.20248579714445028,-0.4284205372900295,-0.2903837307708948,0.3728257683916725,0.3247744589584487,,0.4284205372900295,0.20248579714445028
Diarrhoea_rates,population_density,1,14465,55,0.0037878787878787845,month_province,-0.20301951440437194,-0.4284543628943016,-0.29013616968028855,0.398510378677128,0.3238463742663198,,0.4284543628943016,0.20301951440437194
Diarrhoea_rates,population_density,2,14410,55,0.007575757575757569,month_province,-0.2029773391479918,-0.4271028946915066,-0.2889807046036667,0.36882684325364506,0.3089366659369288,,0.4271028946915066,0.2029773391479918
Diarrhoea_rates,population_density,3,14355,55,0.011363636363636354,month_province,-0.2023663388709345,-0.42593390255174335,-0.28798492111586343,0.417796663011506,0.2805967808355909,,0.42593390255174335,0.2023663388709345
Diarrhoea_rates,population_density,4,14300,55,0.015151515151515138,month_province,-0.20156974015053103,-0.4237214944235245,-0.2862401221058357,0.388464117950074,0.2793308555485483,,0.4237214944235245,0.20156974015053103
Diarrhoea_rates,population_density,5,14245,55,0.018939393939393923,month_province,-0.20109724737007995,-0.42147949770456994,-0.28439608755499957,0.3832863916086753,0.2763744961833092,,0.42147949770456994,0.20109724737007995
Diarrhoea_rates,population_density,6,14190,55,0.022727272727272707,month_province,-0.19982649748254758,-0.4199577142707402,-0.2833094202762108,0.3886607177406949,0.26388963383323993,,0.4199577142707402,0.19982649748254758
Diarrhoea_rates,Influenza_rates,0,14520,55,0.0,month_province,0.529775712608321,0.5379613946125229,0.39473844143381953,0.543242285214008,0.3432379514778008,,0.5379613946125229,0.529775712608321
Diarrhoea_rates,Influenza_rates,1,14465,55,0.0037878787878787845,month_province,0.3214212668527803,0.446395603244884,0.3221177293298768,0.412897547006654,0.22113118327012504,,0.446395603244884,0.3214212668527803
Diarrhoea_rates,Influenza_rates,2,14410,55,0.007575757575757569,month_province,0.3092015406153194,0.4306783727369915,0.3092818335040858,0.45877032398304035,0.21868865720722663,,0.4306783727369915,0.3092015406153194
Diarrhoea_rates,Influenza_rates,3,14355,55,0.011363636363636354,month_province,0.3076627253190669,0.42053673030891925,0.30083197567768655,0.36199671790579785,0.18350352628444355,,0.42053673030891925,0.3076627253190669
Diarrhoea_rates,Influenza_rates,4,14300,55,0.015151515151515138,month_province,0.2951925678094044,0.4096949550124566,0.29320005537216376,0.3926537576926708,0.17714043333358998,,0.4096949550124566,0.2951925678094044
Diarrhoea_rates,Influenza_rates,5,14245,55,0.018939393939393923,month_province,0.29742092326083003,0.4073486930532436,0.29114327692028785,0.3900100854521207,0.1981420422286515,,0.4073486930532436,0.29742092326083003
Diarrhoea_rates,Influenza_rates,6,14190,55,0.022727272727272707,month_province,0.3137476575005682,0.41975501539449034,0.30055096682269955,0.39080870688579955,0.22241979622740438,,0.41975501539449034,0.3137476575005682
Diarrhoea_rates,Dengue_fever_rates,0,14520,55,0.0,month_province,-0.07000493477150538,-0.09181824152344177,-0.060367140666898626,0.16546995184823893,0.07138493957662728,,0.09181824152344177,0.07000493477150538
Diarrhoea_rates,Dengue_fever_rates,1,14465,55,0.0037878787878787845,month_province,-0.05941943700389709,-0.08310576865223977,-0.054755602486645606,0.13896377790732858,0.07783636018593931,,0.08310576865223977,0.05941943700389709
Diarrhoea_rates,Dengue_fever_rates,2,14410,55,0.007575757575757569,month_province,-0.04815144089353343,-0.06780104632132604,-0.04481260684485879,0.11357220874911057,0.08846560284723104,,0.06780104632132604,0.04815144089353343
Diarrhoea_rates,Dengue_fever_rates,3,14355,55,0.011363636363636354,month_province,-0.01667540163136393,-0.048245400671359316,-0.03199147349696743,0.11230063561255522,0.07101996585598602,,0.048245400671359316,0.01667540163136393
Diarrhoea_rates,Dengue_fever_rates,4,14300,55,0.015151515151515138,month_province,-0.01888146305512394,-0.027951173317261043,-0.018448215477650638,0.09161976358680156,0.050813637419340196,,0.027951173317261043,0.01888146305512394
Diarrhoea_rates,Dengue_fever_rates,5,14245,55,0.018939393939393923,month_province,-0.004914831512703752,-0.008849566320554756,-0.0056090548713800415,0.10093733753517108,0.0766547895432046,,0.008849566320554756,0.004914831512703752
Diarrhoea_rates,Dengue_fever_rates,6,14190,55,0.022727272727272707,month_province,0.0039871855468697455,0.009936684994505049,0.007201663440764705,0.08335399231058722,0.045144594433416785,,0.009936684994505049,0.0039871855468697455
