target,predictor,lag,n_samples,n_provinces,missing_ratio_pair,control_mode,pearson_corr,spearman_corr,kendall_tau,distance_corr,mutual_info,spearman_perm_p,abs_spearman,abs_pearson
Influenza_rates,Total_Evaporation,0,14352,55,0.011570247933884281,month_province,0.0032709963562810524,0.00424556174968674,0.002667743258237526,0.05570345862963086,0.012092570783783785,,0.00424556174968674,0.0032709963562810524
Influenza_rates,Total_Evaporation,1,14299,55,0.015220385674931114,month_province,-0.014617055378290089,-0.020251393032965918,-0.013533195129842872,0.05886728521681187,0.011313594176368902,,0.020251393032965918,0.014617055378290089
Influenza_rates,Total_Evaporation,2,14246,55,0.018870523415977947,month_province,-0.012814002251988041,-0.009087807216662124,-0.006036435681594292,0.05992393732914448,0.0,,0.009087807216662124,0.012814002251988041
Influenza_rates,Total_Evaporation,3,14193,55,0.02252066115702478,month_province,0.0076818625344769915,0.017196985691008745,0.011501027930499622,0.05955168567379499,0.011934569171622833,,0.017196985691008745,0.0076818625344769915
Influenza_rates,Total_Evaporation,4,14140,55,0.026170798898071612,month_province,0.025695252546309826,0.03960993402884338,0.0264943886726739,0.059156766451023045,0.02356986923990867,,0.03960993402884338,0.025695252546309826
Influenza_rates,Total_Evaporation,5,14087,55,0.029820936639118445,month_province,0.04202841238554027,0.060888200087839725,0.04075013119956452,0.05717114469413907,0.0,,0.060888200087839725,0.04202841238554027
Influenza_rates,Total_Evaporation,6,14034,55,0.03347107438016528,month_province,0.055806517291825106,0.0754633790858092,0.050578990079508696,0.06065859134811728,0.018490936400819002,,0.0754633790858092,0.055806517291825106
Influenza_rates,Total_Rainfall,0,14352,55,0.011570247933884281,month_province,0.01331500583128611,0.015545829615265233,0.010601363118757078,0.0695930893789333,0.010144485072604681,,0.015545829615265233,0.01331500583128611
Influenza_rates,Total_Rainfall,1,14299,55,0.015220385674931114,month_province,0.02532893625581355,0.04055792058321223,0.027157593413591648,0.08112002731021305,0.03301476733835251,,0.04055792058321223,0.02532893625581355
Influenza_rates,Total_Rainfall,2,14246,55,0.018870523415977947,month_province,0.032998324966715044,0.04836209699546159,0.032593829943667656,0.06094660493143192,0.020730259392340855,,0.04836209699546159,0.032998324966715044
Influenza_rates,Total_Rainfall,3,14193,55,0.02252066115702478,month_province,0.031229733267330043,0.03996319021937702,0.0268988481605174,0.06682755196650293,0.021486436282129873,,0.03996319021937702,0.031229733267330043
Influenza_rates,Total_Rainfall,4,14140,55,0.026170798898071612,month_province,0.015780512792805356,0.023654871023386696,0.015907113419630917,0.07905037965444939,0.026050840739247683,,0.023654871023386696,0.015780512792805356
Influenza_rates,Total_Rainfall,5,14087,55,0.029820936639118445,month_province,0.007729033458035476,0.0014184341521761546,0.0009397266590193182,0.05233067712143718,0.009654771195179102,,0.0014184341521761546,0.007729033458035476
Influenza_rates,Total_Rainfall,6,14034,55,0.03347107438016528,month_province,-0.0026424462347737704,-0.012630941737588783,-0.008505254785883367,0.054201503051767685,0.013109419161483338,,0.012630941737588783,0.0026424462347737704
Influenza_rates,Max_Daily_Rainfall,0,14352,55,0.011570247933884281,month_province,0.011745589352951617,0.010714933649496742,0.0072644680862686255,0.048323754182734505,0.00041147554006926157,,0.010714933649496742,0.011745589352951617
Influenza_rates,Max_Daily_Rainfall,1,14299,55,0.015220385674931114,month_province,0.005074898003410831,0.025119747798145353,0.016737798513608168,0.061557007464564384,0.014071997946962789,,0.025119747798145353,0.005074898003410831
Influenza_rates,Max_Daily_Rainfall,2,14246,55,0.018870523415977947,month_province,0.004944032380063228,0.02383221547205399,0.016005255419319703,0.06319823073190184,0.004246303563276044,,0.02383221547205399,0.004944032380063228
Influenza_rates,Max_Daily_Rainfall,3,14193,55,0.02252066115702478,month_province,0.015978674761736818,0.0178425172424879,0.011896830396971661,0.0517248520656241,0.006586964810797014,,0.0178425172424879,0.015978674761736818
Influenza_rates,Max_Daily_Rainfall,4,14140,55,0.026170798898071612,month_province,0.00941024961493065,0.006001286464642306,0.003916080709361387,0.04998882229098217,0.023122793920421714,,0.006001286464642306,0.00941024961493065
Influenza_rates,Max_Daily_Rainfall,5,14087,55,0.029820936639118445,month_province,-0.003059196156993767,-0.01271888166112649,-0.008547055110628242,0.060297908352957987,0.014686905425582708,,0.01271888166112649,0.003059196156993767
Influenza_rates,Max_Daily_Rainfall,6,14034,55,0.03347107438016528,month_province,-0.008639117829967707,-0.01669209527137222,-0.011337160900979837,0.06694107456510792,0.03770465927303768,,0.01669209527137222,0.008639117829967707
Influenza_rates,n_raining_days,0,14352,55,0.011570247933884281,month_province,0.027151244856530168,0.04960662398128154,0.033578948424626665,0.0966272690544097,0.04859359382236672,,0.04960662398128154,0.027151244856530168
Influenza_rates,n_raining_days,1,14299,55,0.015220385674931114,month_province,0.05041503733669029,0.08014017369974398,0.053725208355474716,0.0750459408798263,0.061488662855054166,,0.08014017369974398,0.05041503733669029
Influenza_rates,n_raining_days,2,14246,55,0.018870523415977947,month_province,0.06342996021327493,0.09812192447371829,0.06555876531237739,0.15091527837207155,0.043776536594779536,,0.09812192447371829,0.06342996021327493
Influenza_rates,n_raining_days,3,14193,55,0.02252066115702478,month_province,0.0593839459027521,0.09154901730968147,0.060887668729197326,0.12344554460002007,0.04057152480918891,,0.09154901730968147,0.0593839459027521
Influenza_rates,n_raining_days,4,14140,55,0.026170798898071612,month_province,0.04967718209041026,0.08037781408544463,0.05340606215348864,0.11882955547046622,0.046818764560462967,,0.08037781408544463,0.04967718209041026
Influenza_rates,n_raining_days,5,14087,55,0.029820936639118445,month_province,0.03885046230365208,0.06989222434637521,0.04602681256285105,0.08180988786877114,0.04024733235669853,,0.06989222434637521,0.03885046230365208
Influenza_rates,n_raining_days,6,14034,55,0.03347107438016528,month_province,0.0283284895049596,0.05890003187629642,0.03858605333872056,0.07648070438533716,0.05509301765045649,,0.05890003187629642,0.0283284895049596
Influenza_rates,Average_temperature,0,14352,55,0.011570247933884281,month_province,-0.018815064495256738,-0.02116215542099027,-0.014482594184178198,0.07565139729208367,0.007414789941641686,,0.02116215542099027,0.018815064495256738
Influenza_rates,Average_temperature,1,14299,55,0.015220385674931114,month_province,-0.020883757394291595,-0.022885303025009487,-0.015290844908757562,0.06209666762955387,0.01036168406894511,,0.022885303025009487,0.020883757394291595
Influenza_rates,Average_temperature,2,14246,55,0.018870523415977947,month_province,-0.02430258642522127,-0.030615180653547777,-0.02040787513922701,0.06307487385794897,0.01340239663628573,,0.030615180653547777,0.02430258642522127
Influenza_rates,Average_temperature,3,14193,55,0.02252066115702478,month_province,-0.03264857973991412,-0.04735513416161536,-0.03146758187411559,0.10138993313048018,0.029163932237382895,,0.04735513416161536,0.03264857973991412
Influenza_rates,Average_temperature,4,14140,55,0.026170798898071612,month_province,-0.04123783925657434,-0.06777716783618654,-0.044770435411100616,0.06562805094431075,0.012329630037782202,,0.06777716783618654,0.04123783925657434
Influenza_rates,Average_temperature,5,14087,55,0.029820936639118445,month_province,-0.05714795688315975,-0.08062738910087709,-0.05303640235569522,0.10541173936613475,0.023865348822548427,,0.08062738910087709,0.05714795688315975
Influenza_rates,Average_temperature,6,14034,55,0.03347107438016528,month_province,-0.056835638672995625,-0.08078612766200442,-0.05345500692520271,0.09783650778486475,0.01282264083468121,,0.08078612766200442,0.056835638672995625
Influenza_rates,Max_Average_Temperature,0,14352,55,0.011570247933884281,month_province,-0.008142222014091363,-0.01299740835074122,-0.008643383715715125,0.05684538882308808,0.03748581394946715,,0.01299740835074122,0.008142222014091363
Influenza_rates,Max_Average_Temperature,1,14299,55,0.015220385674931114,month_province,-0.02216875129992178,-0.02792409760323614,-0.01833612119387367,0.054214776611330895,0.0,,0.02792409760323614,0.02216875129992178
Influenza_rates,Max_Average_Temperature,2,14246,55,0.018870523415977947,month_province,-0.029049685550474654,-0.03840061019561509,-0.02547031427036585,0.04923836769685341,0.025644027003471237,,0.03840061019561509,0.029049685550474654
Influenza_rates,Max_Average_Temperature,3,14193,55,0.02252066115702478,month_province,-0.03398198525843152,-0.04713609831987867,-0.031307444256788886,0.04739627496614247,0.002026947135637336,,0.04713609831987867,0.03398198525843152
Influenza_rates,Max_Average_Temperature,4,14140,55,0.026170798898071612,month_province,-0.030744417701815754,-0.05751263382749791,-0.03788741337682411,0.05371664417593813,0.026757957295497015,,0.05751263382749791,0.030744417701815754
Influenza_rates,Max_Average_Temperature,5,14087,55,0.029820936639118445,month_province,-0.03749750813526955,-0.05739168288046186,-0.037733034629494996,0.10315513829542847,0.004218540219940614,,0.05739168288046186,0.03749750813526955
Influenza_rates,Max_Average_Temperature,6,14034,55,0.03347107438016528,month_province,-0.02898008611569718,-0.04656929572289611,-0.031028852080125426,0.06565002272409895,0.015881895181633965,,0.04656929572289611,0.02898008611569718
Influenza_rates,Min_Average_Temperature,0,14352,55,0.011570247933884281,month_province,-0.021831983686258355,-0.022690829567442127,-0.015441574551118182,0.04911626909861785,0.0,,0.022690829567442127,0.021831983686258355
Influenza_rates,Min_Average_Temperature,1,14299,55,0.015220385674931114,month_province,-0.014273586191290745,-0.012603252723335715,-0.008534234688899106,0.05544221915258612,0.020685371856933976,,0.012603252723335715,0.014273586191290745
Influenza_rates,Min_Average_Temperature,2,14246,55,0.018870523415977947,month_province,-0.01542525385779769,-0.019975555609293854,-0.01320133938926412,0.05080884448232553,0.016665472665932768,,0.019975555609293854,0.01542525385779769
Influenza_rates,Min_Average_Temperature,3,14193,55,0.02252066115702478,month_province,-0.031356327347935226,-0.048767735842462606,-0.032659126451356796,0.06910560100361465,0.011031680379795183,,0.048767735842462606,0.031356327347935226
Influenza_rates,Min_Average_Temperature,4,14140,55,0.026170798898071612,month_province,-0.05130642647432114,-0.0794622615736239,-0.05274064653393831,0.08852343279528763,0.03150249168344654,,0.0794622615736239,0.05130642647432114
Influenza_rates,Min_Average_Temperature,5,14087,55,0.029820936639118445,month_province,-0.07545724603900694,-0.10298791235645278,-0.06804454753122156,0.09965128983603604,0.023289366483965956,,0.10298791235645278,0.07545724603900694
Influenza_rates,Min_Average_Temperature,6,14034,55,0.03347107438016528,month_province,-0.08015042765092864,-0.11152470503270467,-0.07398507772635798,0.09807685251258834,0.007943870877203274,,0.11152470503270467,0.08015042765092864
Influenza_rates,Max_Absolute_Temperature,0,14352,55,0.011570247933884281,month_province,-0.015370662545037963,-0.02593696768236641,-0.01725527485677928,0.05942689251550275,0.01618718915416295,,0.02593696768236641,0.015370662545037963
Influenza_rates,Max_Absolute_Temperature,1,14299,55,0.015220385674931114,month_province,-0.022473091882947393,-0.027307273354311247,-0.018015764552158718,0.0646841408436634,0.0,,0.027307273354311247,0.022473091882947393
Influenza_rates,Max_Absolute_Temperature,2,14246,55,0.018870523415977947,month_province,-0.034704474775553815,-0.04144398299504147,-0.027602721088321767,0.08006354535254034,0.012847581549155329,,0.04144398299504147,0.034704474775553815
Influenza_rates,Max_Absolute_Temperature,3,14193,55,0.02252066115702478,month_province,-0.034398542157301,-0.05136223072361788,-0.0343387366881819,0.05344525912087407,0.012625000901756778,,0.05136223072361788,0.034398542157301
Influenza_rates,Max_Absolute_Temperature,4,14140,55,0.026170798898071612,month_province,-0.029633480101354203,-0.05562982933522444,-0.03697488121466509,0.07047296110549346,0.0,,0.05562982933522444,0.029633480101354203
Influenza_rates,Max_Absolute_Temperature,5,14087,55,0.029820936639118445,month_province,-0.029723546908083487,-0.045075630334218915,-0.0298783754287894,0.07136215234432886,0.0,,0.045075630334218915,0.029723546908083487
Influenza_rates,Max_Absolute_Temperature,6,14034,55,0.03347107438016528,month_province,-0.009080921657576842,-0.03300915269464379,-0.021841838915652886,0.05408254958064125,0.01744610062157026,,0.03300915269464379,0.009080921657576842
Influenza_rates,Min_Absolute_Temperature,0,14352,55,0.011570247933884281,month_province,-0.015359270348086377,-0.015916981778948205,-0.010890524596740385,0.07184536932816718,0.015895028640348308,,0.015916981778948205,0.015359270348086377
Influenza_rates,Min_Absolute_Temperature,1,14299,55,0.015220385674931114,month_province,-0.002152734560960907,-0.001372676314072521,-0.0009561337203414235,0.04259641290598398,0.004815878825202624,,0.001372676314072521,0.002152734560960907
Influenza_rates,Min_Absolute_Temperature,2,14246,55,0.018870523415977947,month_province,-0.004466479817049648,-0.009286283242662563,-0.0061297571107308095,0.04901896117231348,0.0013428961230639302,,0.009286283242662563,0.004466479817049648
Influenza_rates,Min_Absolute_Temperature,3,14193,55,0.02252066115702478,month_province,-0.019995303699399707,-0.037548649486076016,-0.025051970180201343,0.07833048175183972,0.01368616104244147,,0.037548649486076016,0.019995303699399707
Influenza_rates,Min_Absolute_Temperature,4,14140,55,0.026170798898071612,month_province,-0.04536229812196971,-0.06775619760896343,-0.04493178758213438,0.061841278353793064,0.01281576026518394,,0.06775619760896343,0.04536229812196971
Influenza_rates,Min_Absolute_Temperature,5,14087,55,0.029820936639118445,month_province,-0.057857936537097476,-0.09343559701367923,-0.06181523138155043,0.060071006244625705,0.01153194089843712,,0.09343559701367923,0.057857936537097476
Influenza_rates,Min_Absolute_Temperature,6,14034,55,0.03347107438016528,month_province,-0.07059480963727771,-0.10540982986381295,-0.07007340017553314,0.0923993646220475,0.019514150016833653,,0.10540982986381295,0.07059480963727771
Influenza_rates,Average_Humidity,0,14352,55,0.011570247933884281,month_province,0.05320924477920051,0.08434368017140989,0.05617596592536086,0.09413723707002913,0.022258179283274337,,0.08434368017140989,0.05320924477920051
Influenza_rates,Average_Humidity,1,14299,55,0.015220385674931114,month_province,0.07256374087062545,0.11139044687203933,0.0743347515536209,0.10155812674422054,0.02115281489778198,,0.11139044687203933,0.07256374087062545
Influenza_rates,Average_Humidity,2,14246,55,0.018870523415977947,month_province,0.07221699599564436,0.10089375097628289,0.06747217493749748,0.11132378916464034,0.03657478281036308,,0.10089375097628289,0.07221699599564436
Influenza_rates,Average_Humidity,3,14193,55,0.02252066115702478,month_province,0.05529987074144677,0.07362099349437493,0.04921325549050911,0.06008323487993098,0.025529335262396202,,0.07362099349437493,0.05529987074144677
Influenza_rates,Average_Humidity,4,14140,55,0.026170798898071612,month_province,0.026284206572583475,0.0441298410898156,0.02948427253925809,0.08140456596351536,0.028893974852123527,,0.0441298410898156,0.026284206572583475
Influenza_rates,Average_Humidity,5,14087,55,0.029820936639118445,month_province,0.013920844814952794,0.022052736025295543,0.01471682745379866,0.04891955506373358,0.010144238755933621,,0.022052736025295543,0.013920844814952794
Influenza_rates,Average_Humidity,6,14034,55,0.03347107438016528,month_province,0.003528405313053668,0.011786783681682997,0.007902670845025193,0.055932060868050915,0.022180020180229576,,0.011786783681682997,0.003528405313053668
Influenza_rates,Min_Humidity,0,14352,55,0.011570247933884281,month_province,0.05110222014368371,0.08439902035367787,0.05611841790867938,0.09472486029729041,0.011156511989031337,,0.08439902035367787,0.05110222014368371
Influenza_rates,Min_Humidity,1,14299,55,0.015220385674931114,month_province,0.06252439725214082,0.11553461191861772,0.07685542486941382,0.11512958197241682,0.01007704767292772,,0.11553461191861772,0.06252439725214082
Influenza_rates,Min_Humidity,2,14246,55,0.018870523415977947,month_province,0.07815312446158901,0.11303771186792132,0.07536318830989208,0.10237754749130262,0.0,,0.11303771186792132,0.07815312446158901
Influenza_rates,Min_Humidity,3,14193,55,0.02252066115702478,month_province,0.048859886122312075,0.077192619603048,0.05144868564717683,0.07411322912729643,0.011334037147218368,,0.077192619603048,0.048859886122312075
Influenza_rates,Min_Humidity,4,14140,55,0.026170798898071612,month_province,0.02942937906654654,0.046701228094077146,0.031154432766953857,0.06814755917907722,0.00419525844229085,,0.046701228094077146,0.02942937906654654
Influenza_rates,Min_Humidity,5,14087,55,0.029820936639118445,month_province,0.007206415364810923,0.017408974200726426,0.011580204615692357,0.060412197317170416,0.02875951422986045,,0.017408974200726426,0.007206415364810923
Influenza_rates,Min_Humidity,6,14034,55,0.03347107438016528,month_province,-0.011061392094735771,-0.008748959054011829,-0.005874079481132178,0.05903812908853117,0.019196039756294248,,0.008748959054011829,0.011061392094735771
Influenza_rates,n_hours_sunshine,0,14352,55,0.011570247933884281,month_province,-0.018897825185159204,-0.02744887794545222,-0.018183514952359463,0.0622441939618704,0.009452111628586835,,0.02744887794545222,0.018897825185159204
Influenza_rates,n_hours_sunshine,1,14299,55,0.015220385674931114,month_province,-0.04524462753615924,-0.06022910221588213,-0.039891054727071634,0.08368691626025185,0.0,,0.06022910221588213,0.04524462753615924
Influenza_rates,n_hours_sunshine,2,14246,55,0.018870523415977947,month_province,-0.05416764284763136,-0.06975372224712131,-0.046264337621317014,0.08441458126830341,0.0019831804426129196,,0.06975372224712131,0.05416764284763136
Influenza_rates,n_hours_sunshine,3,14193,55,0.02252066115702478,month_province,-0.04203620998848079,-0.059851098422356606,-0.03977810024063233,0.06647788253250929,0.018535351661477684,,0.059851098422356606,0.04203620998848079
Influenza_rates,n_hours_sunshine,4,14140,55,0.026170798898071612,month_province,-0.026293543522701423,-0.0498892303742674,-0.03312214313139237,0.10266386192676805,0.0,,0.0498892303742674,0.026293543522701423
Influenza_rates,n_hours_sunshine,5,14087,55,0.029820936639118445,month_province,-0.02372919872573594,-0.04587576534413094,-0.03048927211622909,0.0532013188221502,0.0,,0.04587576534413094,0.02372919872573594
Influenza_rates,n_hours_sunshine,6,14034,55,0.03347107438016528,month_province,-0.01043100730732621,-0.024863140799244517,-0.01643677084509965,0.040212228371722586,0.010424863214928415,,0.024863140799244517,0.01043100730732621
Influenza_rates,population_male,0,14352,55,0.011570247933884281,month_province,-0.03255943289738882,-0.266114858814566,-0.18060819449822924,0.22091710253053626,0.1467673716066571,,0.266114858814566,0.03255943289738882
Influenza_rates,population_male,1,14297,55,0.015358126721763066,month_province,-0.033456624021216616,-0.2699057010221898,-0.18327485500545077,0.22361926727014986,0.1432861920196178,,0.2699057010221898,0.033456624021216616
Influenza_rates,population_male,2,14242,55,0.01914600550964185,month_province,-0.03371773112418254,-0.27261371817859587,-0.18509706426069564,0.24054619129655944,0.15308273815663576,,0.27261371817859587,0.03371773112418254
Influenza_rates,population_male,3,14187,55,0.022933884297520635,month_province,-0.03515828716179866,-0.27753549271478706,-0.18848104905493693,0.24420298589977862,0.1705106617876142,,0.27753549271478706,0.03515828716179866
Influenza_rates,population_male,4,14132,55,0.02672176308539942,month_province,-0.03557202964395535,-0.28082992737588935,-0.19073743315356614,0.2240823859712355,0.1549906666026981,,0.28082992737588935,0.03557202964395535
Influenza_rates,population_male,5,14077,55,0.030509641873278204,month_province,-0.036551713478002255,-0.2845631564504436,-0.19328136703073368,0.17496913129700714,0.16345929831525385,,0.2845631564504436,0.036551713478002255
Influenza_rates,population_male,6,14022,55,0.03429752066115699,month_province,-0.037005476902758294,-0.2877525043943619,-0.19546826152062555,0.20327526370114926,0.16027404711545845,,0.2877525043943619,0.037005476902758294
Influenza_rates,population_female,0,14352,55,0.011570247933884281,month_province,-0.02465048953365117,-0.2431438294161366,-0.16498846403753537,0.21861074365138344,0.13884957068730408,,0.2431438294161366,0.02465048953365117
Influenza_rates,population_female,1,14297,55,0.015358126721763066,month_province,-0.02542118290385468,-0.2457245601682624,-0.16679684737237344,0.15725481716885134,0.1608494671980205,,0.2457245601682624,0.02542118290385468
Influenza_rates,population_female,2,14242,55,0.01914600550964185,month_province,-0.025672706492605092,-0.24750390421172044,-0.16799878896422482,0.1960363560257882,0.12751836534831895,,0.24750390421172044,0.025672706492605092
Influenza_rates,population_female,3,14187,55,0.022933884297520635,month_province,-0.026828949214252995,-0.2514915555900107,-0.17072846031339553,0.20734271727751521,0.1283633582607253,,0.2514915555900107,0.026828949214252995
Influenza_rates,population_female,4,14132,55,0.02672176308539942,month_province,-0.027144399345376036,-0.2535239830349184,-0.17213737667320184,0.19123057927911818,0.08468534162910668,,0.2535239830349184,0.027144399345376036
Influenza_rates,population_female,5,14077,55,0.030509641873278204,month_province,-0.027967990623869617,-0.25584756959967264,-0.1737347682959687,0.20278273210333037,0.12494475869776789,,0.25584756959967264,0.027967990623869617
Influenza_rates,population_female,6,14022,55,0.03429752066115699,month_province,-0.028345110579017688,-0.25821015593677044,-0.17537077381560295,0.18178443869802213,0.11998594765985793,,0.25821015593677044,0.028345110579017688
Influenza_rates,population_urban,0,14352,55,0.011570247933884281,month_province,-0.06060655334687577,-0.28488832054917973,-0.1828761453269611,0.2577795975080674,0.17498296680458036,,0.28488832054917973,0.06060655334687577
Influenza_rates,population_urban,1,14297,55,0.015358126721763066,month_province,-0.06191373476052245,-0.29005610746374894,-0.18622226929890753,0.2668225648898688,0.1803907015666555,,0.29005610746374894,0.06191373476052245
Influenza_rates,population_urban,2,14242,55,0.01914600550964185,month_province,-0.063220140201073,-0.2952096913894019,-0.18954038375068555,0.244571386025373,0.18911846096443874,,0.2952096913894019,0.063220140201073
Influenza_rates,population_urban,3,14187,55,0.022933884297520635,month_province,-0.06581900071664423,-0.30099448885866925,-0.19319766778005953,0.24007369958906247,0.1727409952686516,,0.30099448885866925,0.06581900071664423
Influenza_rates,population_urban,4,14132,55,0.02672176308539942,month_province,-0.06705777578857082,-0.3059305249611392,-0.19645785042118366,0.24695403124965098,0.1881600640654293,,0.3059305249611392,0.06705777578857082
Influenza_rates,population_urban,5,14077,55,0.030509641873278204,month_province,-0.06826970318910819,-0.3102523590299844,-0.19931388459182792,0.2642827754549413,0.16931752807599398,,0.3102523590299844,0.06826970318910819
Influenza_rates,population_urban,6,14022,55,0.03429752066115699,month_province,-0.06928090586528114,-0.31461194583718777,-0.20210791047150628,0.24007523627508093,0.16121211527783164,,0.31461194583718777,0.06928090586528114
Influenza_rates,population_countryside,0,14352,55,0.011570247933884281,month_province,-0.004921827877080091,-0.0782798382588761,-0.05282776626156571,0.09838395524612205,0.10434938190348841,,0.0782798382588761,0.004921827877080091
Influenza_rates,population_countryside,1,14297,55,0.015358126721763066,month_province,-0.005412239449411846,-0.07712605140896768,-0.052044744202194404,0.10605297387786072,0.11378566537832224,,0.07712605140896768,0.005412239449411846
Influenza_rates,population_countryside,2,14242,55,0.01914600550964185,month_province,-0.00504707155775066,-0.0743694106955325,-0.050215446125957276,0.11478308926701745,0.09317867631751042,,0.0743694106955325,0.00504707155775066
Influenza_rates,population_countryside,3,14187,55,0.022933884297520635,month_province,-0.005437337667858949,-0.07467141154330058,-0.050457631920174495,0.10941840031257224,0.10288745113467979,,0.07467141154330058,0.005437337667858949
Influenza_rates,population_countryside,4,14132,55,0.02672176308539942,month_province,-0.005284236380819365,-0.07287151081442853,-0.04924905825894632,0.08561700381572437,0.08267099597978866,,0.07287151081442853,0.005284236380819365
Influenza_rates,population_countryside,5,14077,55,0.030509641873278204,month_province,-0.00594871854481262,-0.07238275432315767,-0.04891588674695352,0.11582240560306052,0.09071847394131272,,0.07238275432315767,0.00594871854481262
Influenza_rates,population_countryside,6,14022,55,0.03429752066115699,month_province,-0.0060189218442367,-0.0711792850628366,-0.0481266375092401,0.10303066401950398,0.11521670069420331,,0.0711792850628366,0.0060189218442367
Influenza_rates,Dengue_fever_rates,0,14352,55,0.011570247933884281,month_province,0.028208978133576916,-0.016615999901771566,-0.010877793505453046,0.07980472882497747,0.02306005152673496,,0.016615999901771566,0.028208978133576916
Influenza_rates,Dengue_fever_rates,1,14297,55,0.015358126721763066,month_province,0.011931835414636742,-0.0019095236938767633,-0.0013024377264440079,0.07534991206758893,0.02977590912711392,,0.0019095236938767633,0.011931835414636742
Influenza_rates,Dengue_fever_rates,2,14242,55,0.01914600550964185,month_province,0.009811496674812806,0.002838728273029471,0.0017347603142763132,0.07319035674536223,0.037799231975418124,,0.002838728273029471,0.009811496674812806
Influenza_rates,Dengue_fever_rates,3,14187,55,0.022933884297520635,month_province,0.024040309562181957,0.007092236628534683,0.004362781377690192,0.06417729597386838,0.035049618296404184,,0.007092236628534683,0.024040309562181957
Influenza_rates,Dengue_fever_rates,4,14132,55,0.02672176308539942,month_province,0.017415890266710574,0.00038109040164872437,-0.00033808685314758977,0.07758153868004783,0.03931254136339035,,0.00038109040164872437,0.017415890266710574
Influenza_rates,Dengue_fever_rates,5,14077,55,0.030509641873278204,month_province,0.015547944254069126,-0.009504078045055857,-0.00693275460655861,0.09306107768157888,0.03276607961878497,,0.009504078045055857,0.015547944254069126
Influenza_rates,Dengue_fever_rates,6,14022,55,0.03429752066115699,month_province,0.007450911759521197,-0.019349370676672625,-0.013477328028804941,0.07720724309143984,0.034427651689391325,,0.019349370676672625,0.007450911759521197
Influenza_rates,Diarrhoea_rates,0,14352,55,0.011570247933884281,month_province,0.5274924319498319,0.5287895821713344,0.3874112643157057,0.5241333283770899,0.30187563918901894,,0.5287895821713344,0.5274924319498319
Influenza_rates,Diarrhoea_rates,1,14297,55,0.015358126721763066,month_province,0.3469329188395389,0.456574762986472,0.33070062376659254,0.4127352043534831,0.210546287373087,,0.456574762986472,0.3469329188395389
Influenza_rates,Diarrhoea_rates,2,14242,55,0.01914600550964185,month_province,0.3460851450047474,0.4484175174753533,0.32399951342500416,0.43372827310103845,0.20595262933441738,,0.4484175174753533,0.3460851450047474
Influenza_rates,Diarrhoea_rates,3,14187,55,0.022933884297520635,month_province,0.3469340634022044,0.4537125278498311,0.32797107160067857,0.48017855428945977,0.2058153332495083,,0.4537125278498311,0.3469340634022044
Influenza_rates,Diarrhoea_rates,4,14132,55,0.02672176308539942,month_province,0.33291565784621235,0.44348353722063233,0.31962443476136293,0.44740387419537636,0.20292094269576122,,0.44348353722063233,0.33291565784621235
Influenza_rates,Diarrhoea_rates,5,14077,55,0.030509641873278204,month_province,0.3191216943436422,0.4372835343808277,0.313936688893135,0.4495247929052262,0.18614526650764152,,0.4372835343808277,0.3191216943436422
Influenza_rates,Diarrhoea_rates,6,14022,55,0.03429752066115699,month_province,0.2997951179949231,0.426941329898088,0.30560112235435777,0.4125511670618831,0.1671721852808945,,0.426941329898088,0.2997951179949231
Dengue_fever_rates,Total_Evaporation,0,14352,55,0.011570247933884281,month_province,-0.06534853125517916,-0.12038908118286099,-0.08297267641309311,0.13791727473405893,0.03860548951749809,,0.12038908118286099,0.06534853125517916
Dengue_fever_rates,Total_Evaporation,1,14299,55,0.015220385674931114,month_province,-0.06487726484195819,-0.10904911273458003,-0.07490228458709093,0.14669870729687517,0.026955627728401765,,0.10904911273458003,0.06487726484195819
Dengue_fever_rates,Total_Evaporation,2,14246,55,0.018870523415977947,month_province,-0.04010669053901321,-0.06093042071702894,-0.04166656020328284,0.13025011697959643,0.038287108936758685,,0.06093042071702894,0.04010669053901321
Dengue_fever_rates,Total_Evaporation,3,14193,55,0.02252066115702478,month_province,0.014530214593273255,0.024449024994823598,0.016540767008861975,0.08341406375328475,0.023401079693545768,,0.024449024994823598,0.014530214593273255
Dengue_fever_rates,Total_Evaporation,4,14140,55,0.026170798898071612,month_province,0.05150821673969802,0.09774733810364544,0.0684596243506936,0.1135498064134534,0.039183076089730484,,0.09774733810364544,0.05150821673969802
Dengue_fever_rates,Total_Evaporation,5,14087,55,0.029820936639118445,month_province,0.06962614185850682,0.1380647920646117,0.0958494171982351,0.1539968793769428,0.038898976382276906,,0.1380647920646117,0.06962614185850682
Dengue_fever_rates,Total_Evaporation,6,14034,55,0.03347107438016528,month_province,0.05538312369010806,0.14457502642971082,0.09838672720857342,0.1535229532399359,0.05487060162674151,,0.14457502642971082,0.05538312369010806
Dengue_fever_rates,Total_Rainfall,0,14352,55,0.011570247933884281,month_province,0.02945046519808663,0.10276931839816728,0.07130488057975129,0.1044673004053012,0.052044313873087056,,0.10276931839816728,0.02945046519808663
Dengue_fever_rates,Total_Rainfall,1,14299,55,0.015220385674931114,month_province,0.012039040454425868,0.05417737263176757,0.0375314151249396,0.09489532599438409,0.08530438177735356,,0.05417737263176757,0.012039040454425868
Dengue_fever_rates,Total_Rainfall,2,14246,55,0.018870523415977947,month_province,-0.007464995781483092,-0.015656868282172345,-0.011288839351742644,0.0941746142477804,0.06435835082991659,,0.015656868282172345,0.007464995781483092
Dengue_fever_rates,Total_Rainfall,3,14193,55,0.02252066115702478,month_province,-0.03384371649430334,-0.08404109181202975,-0.05705517656341885,0.11717824838917018,0.07453905198091526,,0.08404109181202975,0.03384371649430334
Dengue_fever_rates,Total_Rainfall,4,14140,55,0.026170798898071612,month_province,-0.03988161528230766,-0.10719801535026881,-0.07115547976890094,0.15518355253223642,0.0698947578987843,,0.10719801535026881,0.03988161528230766
Dengue_fever_rates,Total_Rainfall,5,14087,55,0.029820936639118445,month_province,-0.03761551422457951,-0.09841347279860847,-0.06302701723201544,0.14218717341790746,0.07045955192523135,,0.09841347279860847,0.03761551422457951
Dengue_fever_rates,Total_Rainfall,6,14034,55,0.03347107438016528,month_province,-0.01979675441512374,-0.05385209044389481,-0.0345084783448298,0.1260835389905724,0.07892070446435273,,0.05385209044389481,0.01979675441512374
Dengue_fever_rates,Max_Daily_Rainfall,0,14352,55,0.011570247933884281,month_province,0.020495622049045,0.07629832142929922,0.05185499877673301,0.10519347288092899,0.05091322504098805,,0.07629832142929922,0.020495622049045
Dengue_fever_rates,Max_Daily_Rainfall,1,14299,55,0.015220385674931114,month_province,0.009975988598656779,0.033813178208329076,0.023200233344024185,0.10013034831473581,0.08077947683629194,,0.033813178208329076,0.009975988598656779
Dengue_fever_rates,Max_Daily_Rainfall,2,14246,55,0.018870523415977947,month_province,-0.006470723033733878,-0.01893498893149617,-0.012939628748262065,0.06923127749944022,0.06599896666159832,,0.01893498893149617,0.006470723033733878
Dengue_fever_rates,Max_Daily_Rainfall,3,14193,55,0.02252066115702478,month_province,-0.022973145290264348,-0.06085569733521401,-0.0411931235631793,0.10976737493079403,0.04422248908247628,,0.06085569733521401,0.022973145290264348
Dengue_fever_rates,Max_Daily_Rainfall,4,14140,55,0.026170798898071612,month_province,-0.02271640764253876,-0.06741511813817512,-0.04456909951548869,0.11032261141684077,0.06385773153889573,,0.06741511813817512,0.02271640764253876
Dengue_fever_rates,Max_Daily_Rainfall,5,14087,55,0.029820936639118445,month_province,-0.01750874189620823,-0.05149593621667743,-0.03245599536769734,0.09493559616617167,0.04712681376181127,,0.05149593621667743,0.01750874189620823
Dengue_fever_rates,Max_Daily_Rainfall,6,14034,55,0.03347107438016528,month_province,-0.007318492691789549,-0.016628277946583475,-0.009994529929793078,0.0997798901125198,0.04263734119460327,,0.016628277946583475,0.007318492691789549
Dengue_fever_rates,n_raining_days,0,14352,55,0.011570247933884281,month_province,0.08555703514560913,0.14753037822394843,0.10199372034297023,0.16676928755713383,0.08786349073701594,,0.14753037822394843,0.08555703514560913
Dengue_fever_rates,n_raining_days,1,14299,55,0.015220385674931114,month_province,0.07469011646091704,0.11648747068982945,0.07952095332952633,0.16003392715161185,0.09425454818299883,,0.11648747068982945,0.07469011646091704
Dengue_fever_rates,n_raining_days,2,14246,55,0.018870523415977947,month_province,0.049929423562264916,0.059807373185296935,0.03985561901488549,0.13209192619586554,0.06904467512479151,,0.059807373185296935,0.049929423562264916
Dengue_fever_rates,n_raining_days,3,14193,55,0.02252066115702478,month_province,0.010697119456512688,-0.011183202286108673,-0.00977229592645814,0.07641268116001111,0.09098358724576805,,0.011183202286108673,0.010697119456512688
Dengue_fever_rates,n_raining_days,4,14140,55,0.026170798898071612,month_province,-0.008651163055035249,-0.05850014629379663,-0.042965359434142675,0.09617482946460981,0.11721865898847916,,0.05850014629379663,0.008651163055035249
Dengue_fever_rates,n_raining_days,5,14087,55,0.029820936639118445,month_province,-0.025160022272546476,-0.08127329785091936,-0.057510751479006916,0.10909189310495543,0.09639817449933119,,0.08127329785091936,0.025160022272546476
Dengue_fever_rates,n_raining_days,6,14034,55,0.03347107438016528,month_province,-0.01600552201388624,-0.07141986543121166,-0.04995555508769481,0.1052656624205264,0.08641582766252576,,0.07141986543121166,0.01600552201388624
Dengue_fever_rates,Average_temperature,0,14352,55,0.011570247933884281,month_province,-0.07107306608074278,-0.1610956249206253,-0.10772658320685283,0.17784487753420478,0.08097379068888166,,0.1610956249206253,0.07107306608074278
Dengue_fever_rates,Average_temperature,1,14299,55,0.015220385674931114,month_province,-0.09180484028815272,-0.22438589447599314,-0.156759709173333,0.23614362899533972,0.1398367962725855,,0.22438589447599314,0.09180484028815272
Dengue_fever_rates,Average_temperature,2,14246,55,0.018870523415977947,month_province,-0.07620098791358419,-0.2120296752397436,-0.1477612101294717,0.23764340403481773,0.1409009079064667,,0.2120296752397436,0.07620098791358419
Dengue_fever_rates,Average_temperature,3,14193,55,0.02252066115702478,month_province,-0.033401505289765515,-0.129766839805004,-0.08650062528893264,0.1595180394611032,0.08586292703628029,,0.129766839805004,0.033401505289765515
Dengue_fever_rates,Average_temperature,4,14140,55,0.026170798898071612,month_province,0.018523890149965215,-0.009234499015014169,-0.005364754240130972,0.06674028426041827,0.044371685817290896,,0.009234499015014169,0.018523890149965215
Dengue_fever_rates,Average_temperature,5,14087,55,0.029820936639118445,month_province,0.07355135310505188,0.12129806715779327,0.0799906981257382,0.1312468343183028,0.06375276704351052,,0.12129806715779327,0.07355135310505188
Dengue_fever_rates,Average_temperature,6,14034,55,0.03347107438016528,month_province,0.1114876326248253,0.22859851746917523,0.15348510657715558,0.2030994386386381,0.1314958359859295,,0.22859851746917523,0.1114876326248253
Dengue_fever_rates,Max_Average_Temperature,0,14352,55,0.011570247933884281,month_province,-0.07557149108502492,-0.17247120737607058,-0.1173802399995178,0.20512777494396386,0.08660597134980286,,0.17247120737607058,0.07557149108502492
Dengue_fever_rates,Max_Average_Temperature,1,14299,55,0.015220385674931114,month_province,-0.08328033184663433,-0.2099103193669108,-0.14719495324232187,0.26540240555279604,0.11688520108149714,,0.2099103193669108,0.08328033184663433
Dengue_fever_rates,Max_Average_Temperature,2,14246,55,0.018870523415977947,month_province,-0.059323362437545754,-0.17682327165783776,-0.12134667475696935,0.18015811370852633,0.11144128681257293,,0.17682327165783776,0.059323362437545754
Dengue_fever_rates,Max_Average_Temperature,3,14193,55,0.02252066115702478,month_province,-0.011500109481851461,-0.08344037149923086,-0.05541775897362493,0.09992412120926875,0.07418759767503413,,0.08344037149923086,0.011500109481851461
Dengue_fever_rates,Max_Average_Temperature,4,14140,55,0.026170798898071612,month_province,0.039412929627903735,0.0351717151823178,0.023083350131316356,0.0837257776637614,0.04134852751055984,,0.0351717151823178,0.039412929627903735
Dengue_fever_rates,Max_Average_Temperature,5,14087,55,0.029820936639118445,month_province,0.08991797844657413,0.15258879417077237,0.10137050303096728,0.15510845367348275,0.06651253050592221,,0.15258879417077237,0.08991797844657413
Dengue_fever_rates,Max_Average_Temperature,6,14034,55,0.03347107438016528,month_province,0.11693943931360086,0.23914828048388004,0.16166804366253296,0.25026135002817296,0.12536754379709247,,0.23914828048388004,0.11693943931360086
Dengue_fever_rates,Min_Average_Temperature,0,14352,55,0.011570247933884281,month_province,-0.059472880241164615,-0.13556643503943144,-0.0898042394089912,0.15449952901727015,0.09479038062080836,,0.13556643503943144,0.059472880241164615
Dengue_fever_rates,Min_Average_Temperature,1,14299,55,0.015220385674931114,month_province,-0.0872047502531241,-0.2109762365676295,-0.14596508118371349,0.24644218335019086,0.13849803486903767,,0.2109762365676295,0.0872047502531241
Dengue_fever_rates,Min_Average_Temperature,2,14246,55,0.018870523415977947,month_province,-0.08247756061970297,-0.21437572259849758,-0.1489494622240759,0.2412551341742332,0.14907176161105884,,0.21437572259849758,0.08247756061970297
Dengue_fever_rates,Min_Average_Temperature,3,14193,55,0.02252066115702478,month_province,-0.04904692129688203,-0.14488861311605858,-0.09606469140513217,0.19203677923991178,0.10881481355364286,,0.14488861311605858,0.04904692129688203
Dengue_fever_rates,Min_Average_Temperature,4,14140,55,0.026170798898071612,month_province,-0.004308482720921053,-0.030067139209433946,-0.017978265330821683,0.10203820089033021,0.08606027917612025,,0.030067139209433946,0.004308482720921053
Dengue_fever_rates,Min_Average_Temperature,5,14087,55,0.029820936639118445,month_province,0.047416313636938656,0.09999637891697068,0.06582373292917415,0.11290329378911056,0.06254505614134853,,0.09999637891697068,0.047416313636938656
Dengue_fever_rates,Min_Average_Temperature,6,14034,55,0.03347107438016528,month_province,0.08922167996973566,0.21360658488145293,0.14250950799953754,0.1815045808501446,0.109695331314553,,0.21360658488145293,0.08922167996973566
Dengue_fever_rates,Max_Absolute_Temperature,0,14352,55,0.011570247933884281,month_province,-0.03975724481600692,-0.09667568231924553,-0.06273298430885196,0.12514088415876912,0.06792027491428154,,0.09667568231924553,0.03975724481600692
Dengue_fever_rates,Max_Absolute_Temperature,1,14299,55,0.015220385674931114,month_province,-0.04962189018978165,-0.13335294093042646,-0.08786651607819974,0.14212945625519177,0.0917031042810299,,0.13335294093042646,0.04962189018978165
Dengue_fever_rates,Max_Absolute_Temperature,2,14246,55,0.018870523415977947,month_province,-0.027117509783676382,-0.11191223648158027,-0.07404691973993074,0.14344279699419085,0.050784859422165596,,0.11191223648158027,0.027117509783676382
Dengue_fever_rates,Max_Absolute_Temperature,3,14193,55,0.02252066115702478,month_province,0.01018963450281573,-0.04827861237538031,-0.03220673718204305,0.09213145460264546,0.035155006960763124,,0.04827861237538031,0.01018963450281573
Dengue_fever_rates,Max_Absolute_Temperature,4,14140,55,0.026170798898071612,month_province,0.053628571642261605,0.03371410032506306,0.02152516112368445,0.06362264840085513,0.044050355921672946,,0.03371410032506306,0.053628571642261605
Dengue_fever_rates,Max_Absolute_Temperature,5,14087,55,0.029820936639118445,month_province,0.08772224213187299,0.11813434419079208,0.07766090629280722,0.129719568208651,0.04588521634016818,,0.11813434419079208,0.08772224213187299
Dengue_fever_rates,Max_Absolute_Temperature,6,14034,55,0.03347107438016528,month_province,0.10451227923317635,0.1832024226020346,0.12137183251794421,0.22044410701236097,0.0776409001099676,,0.1832024226020346,0.10451227923317635
Dengue_fever_rates,Min_Absolute_Temperature,0,14352,55,0.011570247933884281,month_province,-0.0614445798334558,-0.14185525899810603,-0.09379436426400965,0.14362040073893476,0.06119966172299307,,0.14185525899810603,0.0614445798334558
Dengue_fever_rates,Min_Absolute_Temperature,1,14299,55,0.015220385674931114,month_province,-0.07841798461190053,-0.2010190579528898,-0.13651165744099678,0.199612198566677,0.12734568794412926,,0.2010190579528898,0.07841798461190053
Dengue_fever_rates,Min_Absolute_Temperature,2,14246,55,0.018870523415977947,month_province,-0.07277965534175068,-0.20235918391486277,-0.1365782528994767,0.20190263979229855,0.11306509506418472,,0.20235918391486277,0.07277965534175068
Dengue_fever_rates,Min_Absolute_Temperature,3,14193,55,0.02252066115702478,month_province,-0.046415238875696666,-0.13934056841854148,-0.0909798908631794,0.16683800062164392,0.07365802583562786,,0.13934056841854148,0.046415238875696666
Dengue_fever_rates,Min_Absolute_Temperature,4,14140,55,0.026170798898071612,month_province,-0.008384897939553432,-0.030830713805636817,-0.018451464628498858,0.0843823569063308,0.03545733381879046,,0.030830713805636817,0.008384897939553432
Dengue_fever_rates,Min_Absolute_Temperature,5,14087,55,0.029820936639118445,month_province,0.04211675493962451,0.09539761513682742,0.06303587422787703,0.07774665324534379,0.04762222795919069,,0.09539761513682742,0.04211675493962451
Dengue_fever_rates,Min_Absolute_Temperature,6,14034,55,0.03347107438016528,month_province,0.08584439418878642,0.20398780287816934,0.13580969537859805,0.2035946196391389,0.07542642707096991,,0.20398780287816934,0.08584439418878642
Dengue_fever_rates,Average_Humidity,0,14352,55,0.011570247933884281,month_province,0.05863629937963083,0.11600209876460733,0.07730426311402744,0.11769197806809692,0.10307300573866574,,0.11600209876460733,0.05863629937963083
Dengue_fever_rates,Average_Humidity,1,14299,55,0.015220385674931114,month_province,0.05025929307219841,0.09384406092382121,0.06250350544091342,0.1094016053562876,0.08012983747810054,,0.09384406092382121,0.05025929307219841
Dengue_fever_rates,Average_Humidity,2,14246,55,0.018870523415977947,month_province,0.026555821863040653,0.04538391326661007,0.030289960139754376,0.07784527488455083,0.06980056299803383,,0.04538391326661007,0.026555821863040653
Dengue_fever_rates,Average_Humidity,3,14193,55,0.02252066115702478,month_province,-0.009374254991452799,-0.0189644780148744,-0.012824442008457735,0.08060803665612627,0.06903115373633284,,0.0189644780148744,0.009374254991452799
Dengue_fever_rates,Average_Humidity,4,14140,55,0.026170798898071612,month_province,-0.03348856418597427,-0.06688555216112269,-0.04598130525139397,0.1018840144981874,0.08813495533903293,,0.06688555216112269,0.03348856418597427
Dengue_fever_rates,Average_Humidity,5,14087,55,0.029820936639118445,month_province,-0.04187257252164791,-0.08667214976425937,-0.05874080620777285,0.08021482289001543,0.07155020572977833,,0.08667214976425937,0.04187257252164791
Dengue_fever_rates,Average_Humidity,6,14034,55,0.03347107438016528,month_province,-0.023511630658815213,-0.07542287148186039,-0.0501871132540655,0.12132792413850178,0.09257302215200092,,0.07542287148186039,0.023511630658815213
Dengue_fever_rates,Min_Humidity,0,14352,55,0.011570247933884281,month_province,0.04183821593509609,0.06460084368421126,0.042182924015792385,0.06809057470286452,0.035839848749186665,,0.06460084368421126,0.04183821593509609
Dengue_fever_rates,Min_Humidity,1,14299,55,0.015220385674931114,month_province,0.020069623238290146,0.017808840278743538,0.011949988251402198,0.067473656522643,0.06160251349229018,,0.017808840278743538,0.020069623238290146
Dengue_fever_rates,Min_Humidity,2,14246,55,0.018870523415977947,month_province,-0.014130218462949469,-0.045550614264530394,-0.028802615497564098,0.09020787504750202,0.06347649130494037,,0.045550614264530394,0.014130218462949469
Dengue_fever_rates,Min_Humidity,3,14193,55,0.02252066115702478,month_province,-0.047064384510311426,-0.08592636118384836,-0.055022295519336094,0.11118720795521622,0.046024314034064595,,0.08592636118384836,0.047064384510311426
Dengue_fever_rates,Min_Humidity,4,14140,55,0.026170798898071612,month_province,-0.06884570157029166,-0.09957040802968285,-0.06494600443105612,0.1243023241838465,0.046571660115171554,,0.09957040802968285,0.06884570157029166
Dengue_fever_rates,Min_Humidity,5,14087,55,0.029820936639118445,month_province,-0.05798117191035679,-0.08376653638129138,-0.05522266927971249,0.08112493396775884,0.04698730279766661,,0.08376653638129138,0.05798117191035679
Dengue_fever_rates,Min_Humidity,6,14034,55,0.03347107438016528,month_province,-0.02704347955371951,-0.03784315308076089,-0.024722413041602106,0.04931889060249131,0.028687577027290523,,0.03784315308076089,0.02704347955371951
Dengue_fever_rates,n_hours_sunshine,0,14352,55,0.011570247933884281,month_province,-0.0755546771590684,-0.17572986340017746,-0.12050826595319845,0.19632513088320144,0.06458881009398887,,0.17572986340017746,0.0755546771590684
Dengue_fever_rates,n_hours_sunshine,1,14299,55,0.015220385674931114,month_province,-0.06479633706770853,-0.15666628893183493,-0.1070262273636429,0.15132582878087023,0.05789479513222062,,0.15666628893183493,0.06479633706770853
Dengue_fever_rates,n_hours_sunshine,2,14246,55,0.018870523415977947,month_province,-0.03380611553021055,-0.09890440274736502,-0.06623038959479315,0.11076505655942541,0.023779146790892547,,0.09890440274736502,0.03380611553021055
Dengue_fever_rates,n_hours_sunshine,3,14193,55,0.02252066115702478,month_province,0.011069148141210582,-0.0034893502589856927,-0.0018185062704435262,0.054086718081746414,0.02784105091943978,,0.0034893502589856927,0.011069148141210582
Dengue_fever_rates,n_hours_sunshine,4,14140,55,0.026170798898071612,month_province,0.037980788253544576,0.08750646733771149,0.05975030304976771,0.09669762898145547,0.03310425171188491,,0.08750646733771149,0.037980788253544576
Dengue_fever_rates,n_hours_sunshine,5,14087,55,0.029820936639118445,month_province,0.07687600629958195,0.16229304685016518,0.11186400418012357,0.15327128139802706,0.051900874129898966,,0.16229304685016518,0.07687600629958195
Dengue_fever_rates,n_hours_sunshine,6,14034,55,0.03347107438016528,month_province,0.08222270570961325,0.1913566841123291,0.13192140201985622,0.17082435752709124,0.06492989943479266,,0.1913566841123291,0.08222270570961325
Dengue_fever_rates,population_male,0,14352,55,0.011570247933884281,month_province,0.0067073436291536365,-0.031877129712981504,-0.02165186611639921,0.09132590341652905,0.032945177422333494,,0.031877129712981504,0.0067073436291536365
Dengue_fever_rates,population_male,1,14297,55,0.015358126721763066,month_province,0.006609548660250332,-0.031552613309227165,-0.02143707902720232,0.08255731053010419,0.033431132305712374,,0.031552613309227165,0.006609548660250332
Dengue_fever_rates,population_male,2,14242,55,0.01914600550964185,month_province,0.0064961813775531166,-0.030662702067049123,-0.02081338803009748,0.09218259278380514,0.02589454737168051,,0.030662702067049123,0.0064961813775531166
Dengue_fever_rates,population_male,3,14187,55,0.022933884297520635,month_province,0.006411881831440033,-0.02967577917448853,-0.020093248205731357,0.10194697524720649,0.04394588401904276,,0.02967577917448853,0.006411881831440033
Dengue_fever_rates,population_male,4,14132,55,0.02672176308539942,month_province,0.006351747742835186,-0.02899314402230221,-0.019594370066452177,0.07049783877224641,0.03473720482940301,,0.02899314402230221,0.006351747742835186
Dengue_fever_rates,population_male,5,14077,55,0.030509641873278204,month_province,0.006318351310205246,-0.028380893390095564,-0.0191836919021082,0.10795009032901692,0.049093397718933396,,0.028380893390095564,0.006318351310205246
Dengue_fever_rates,population_male,6,14022,55,0.03429752066115699,month_province,0.006318908729735027,-0.028203829443054284,-0.019037018463497486,0.08080285803910037,0.05563061679409387,,0.028203829443054284,0.006318908729735027
Dengue_fever_rates,population_female,0,14352,55,0.011570247933884281,month_province,0.011224508664780102,-0.01689600247021176,-0.011521891148017193,0.09449037595982418,0.031010576287609837,,0.01689600247021176,0.011224508664780102
Dengue_fever_rates,population_female,1,14297,55,0.015358126721763066,month_province,0.011153288301785764,-0.01609448590951545,-0.010958293002296369,0.09653494572021463,0.02437027776167433,,0.01609448590951545,0.011153288301785764
Dengue_fever_rates,population_female,2,14242,55,0.01914600550964185,month_province,0.011054569857036477,-0.014773235354379088,-0.009993370293959353,0.07740595486090225,0.03930400717574134,,0.014773235354379088,0.011054569857036477
Dengue_fever_rates,population_female,3,14187,55,0.022933884297520635,month_province,0.010989099252922633,-0.013538950188399942,-0.009063780562227243,0.09037970385170535,0.03940300153758436,,0.013538950188399942,0.010989099252922633
Dengue_fever_rates,population_female,4,14132,55,0.02672176308539942,month_province,0.01093129792460748,-0.01262612519408807,-0.008399742843358201,0.07578978315123779,0.05037802939874947,,0.01262612519408807,0.01093129792460748
Dengue_fever_rates,population_female,5,14077,55,0.030509641873278204,month_province,0.01089854169480419,-0.011630363398881051,-0.007715391556753799,0.08261256180887053,0.05070454542267466,,0.011630363398881051,0.01089854169480419
Dengue_fever_rates,population_female,6,14022,55,0.03429752066115699,month_province,0.010924389912647376,-0.011258480837039783,-0.007483833796467109,0.08073687066453332,0.05043923379426474,,0.011258480837039783,0.010924389912647376
Dengue_fever_rates,population_urban,0,14352,55,0.011570247933884281,month_province,-0.027648323396043728,-0.06625315971293312,-0.04447355455317018,0.09272121074902336,0.06770975091497267,,0.06625315971293312,0.027648323396043728
Dengue_fever_rates,population_urban,1,14297,55,0.015358126721763066,month_province,-0.027915190674940166,-0.06503631811812773,-0.04364636054801102,0.13532192666597812,0.08322554380831626,,0.06503631811812773,0.027915190674940166
Dengue_fever_rates,population_urban,2,14242,55,0.01914600550964185,month_province,-0.028097895176528907,-0.06298603307817521,-0.042163214641066746,0.12360270653235367,0.06813999177133656,,0.06298603307817521,0.028097895176528907
Dengue_fever_rates,population_urban,3,14187,55,0.022933884297520635,month_province,-0.028335128274321997,-0.06152278866970291,-0.041108096050407314,0.16531877257300698,0.06652022588561302,,0.06152278866970291,0.028335128274321997
Dengue_fever_rates,population_urban,4,14132,55,0.02672176308539942,month_province,-0.02859154778204916,-0.060211029779853015,-0.04017480637201246,0.11363738285954333,0.07879132036900138,,0.060211029779853015,0.02859154778204916
Dengue_fever_rates,population_urban,5,14077,55,0.030509641873278204,month_province,-0.02885300949201305,-0.059145945246359945,-0.039472298694568496,0.10059045753685322,0.05675135817804744,,0.059145945246359945,0.02885300949201305
Dengue_fever_rates,population_urban,6,14022,55,0.03429752066115699,month_province,-0.028992058621496435,-0.0586408088280501,-0.03915644535241499,0.13627497781302103,0.0625113781058424,,0.0586408088280501,0.028992058621496435
Dengue_fever_rates,population_countryside,0,14352,55,0.011570247933884281,month_province,0.0306526242558821,0.028932829434286843,0.019478073228818886,0.07499257339193979,0.0788976841275435,,0.028932829434286843,0.0306526242558821
Dengue_fever_rates,population_countryside,1,14297,55,0.015358126721763066,month_province,0.030625177954103043,0.028892631020364313,0.019475341553243142,0.09284265797723555,0.08373100936330413,,0.028892631020364313,0.030625177954103043
Dengue_fever_rates,population_countryside,2,14242,55,0.01914600550964185,month_province,0.03051163247725195,0.028256888030085726,0.01915625922361055,0.07796406235441791,0.06677785984722018,,0.028256888030085726,0.03051163247725195
Dengue_fever_rates,population_countryside,3,14187,55,0.022933884297520635,month_province,0.030476659462503677,0.027782317809427092,0.01892987556181428,0.08357492877692095,0.07841285154375477,,0.027782317809427092,0.030476659462503677
Dengue_fever_rates,population_countryside,4,14132,55,0.02672176308539942,month_province,0.030474976731553912,0.02713526442612321,0.018523401581304166,0.07428621110402855,0.0771804428042362,,0.02713526442612321,0.030474976731553912
Dengue_fever_rates,population_countryside,5,14077,55,0.030509641873278204,month_province,0.030512765846587922,0.026946041191631933,0.018426612960219607,0.07608020355267855,0.08792604357835376,,0.026946041191631933,0.030512765846587922
Dengue_fever_rates,population_countryside,6,14022,55,0.03429752066115699,month_province,0.030542602796325338,0.02667889937399098,0.01824277825679486,0.0857623745223311,0.07066804278824712,,0.02667889937399098,0.030542602796325338
Dengue_fever_rates,Influenza_rates,0,14352,55,0.011570247933884281,month_province,0.028208978133576916,-0.016615999901771566,-0.010877793505453044,0.0615903780185191,0.0381931306840011,,0.016615999901771566,0.028208978133576916
Dengue_fever_rates,Influenza_rates,1,14297,55,0.015358126721763066,month_province,0.005195112280995691,-0.031865179791166744,-0.02090241825816106,0.06639732593661582,0.0349009978128505,,0.031865179791166744,0.005195112280995691
Dengue_fever_rates,Influenza_rates,2,14242,55,0.01914600550964185,month_province,-0.007948942704462761,-0.04638492346602574,-0.03047600422874258,0.07610296413644806,0.03988247320174665,,0.04638492346602574,0.007948942704462761
Dengue_fever_rates,Influenza_rates,3,14187,55,0.022933884297520635,month_province,-0.006241056735864032,-0.04967793261416607,-0.03279259888664005,0.08997692362192024,0.042723718588495885,,0.04967793261416607,0.006241056735864032
Dengue_fever_rates,Influenza_rates,4,14132,55,0.02672176308539942,month_province,-0.0038376802762377883,-0.04841073098809494,-0.03241667424220884,0.06702498563091992,0.044805928731785016,,0.04841073098809494,0.0038376802762377883
Dengue_fever_rates,Influenza_rates,5,14077,55,0.030509641873278204,month_province,-0.005024117483481163,-0.04695396564932494,-0.03162496044114897,0.07881254946408016,0.034293677169300985,,0.04695396564932494,0.005024117483481163
Dengue_fever_rates,Influenza_rates,6,14022,55,0.03429752066115699,month_province,-0.009575565609790799,-0.041565097748192385,-0.028253987890812567,0.07325654647535483,0.039969949273955585,,0.041565097748192385,0.009575565609790799
Dengue_fever_rates,Diarrhoea_rates,0,14352,55,0.011570247933884281,month_province,-0.06815471781069939,-0.08728527122304967,-0.057360982855704956,0.17583219574227169,0.0693897330299702,,0.08728527122304967,0.06815471781069939
Dengue_fever_rates,Diarrhoea_rates,1,14297,55,0.015358126721763066,month_province,-0.06545727345516271,-0.07097313559463826,-0.04624887994386772,0.13308701117746347,0.0367066355838519,,0.07097313559463826,0.06545727345516271
Dengue_fever_rates,Diarrhoea_rates,2,14242,55,0.01914600550964185,month_province,-0.055518749137999555,-0.058892449625235654,-0.03819873812900223,0.12119497533618244,0.030021453383321628,,0.058892449625235654,0.055518749137999555
Dengue_fever_rates,Diarrhoea_rates,3,14187,55,0.022933884297520635,month_province,-0.04450575008308796,-0.04569065652568347,-0.029460707760972024,0.10357335731151764,0.022486156022665682,,0.04569065652568347,0.04450575008308796
Dengue_fever_rates,Diarrhoea_rates,4,14132,55,0.02672176308539942,month_province,-0.03420917719404617,-0.03465087849570967,-0.022447271730924537,0.09295533414828336,0.020621545330674174,,0.03465087849570967,0.03420917719404617
Dengue_fever_rates,Diarrhoea_rates,5,14077,55,0.030509641873278204,month_province,-0.024874239299548927,-0.023088112273437662,-0.015104363038558671,0.08766190295355906,0.037130744579047636,,0.023088112273437662,0.024874239299548927
Dengue_fever_rates,Diarrhoea_rates,6,14022,55,0.03429752066115699,month_province,-0.009035043365036535,-0.014998135500178422,-0.010073553305169574,0.06669607447545604,0.02088431443379335,,0.014998135500178422,0.009035043365036535
Diarrhoea_rates,Total_Evaporation,0,14352,55,0.011570247933884281,month_province,0.03381395855111085,0.05142250639182613,0.03413780100904148,0.04989279372897536,0.004991704791809326,,0.05142250639182613,0.03381395855111085
Diarrhoea_rates,Total_Evaporation,1,14299,55,0.015220385674931114,month_province,0.04749805601080772,0.0647531531192053,0.043092275298702416,0.0988070507507583,0.0,,0.0647531531192053,0.04749805601080772
Diarrhoea_rates,Total_Evaporation,2,14246,55,0.018870523415977947,month_province,0.061704440425732573,0.07395153890781575,0.04937699028396626,0.08991052879900191,0.02254381189536403,,0.07395153890781575,0.061704440425732573
Diarrhoea_rates,Total_Evaporation,3,14193,55,0.02252066115702478,month_province,0.07228287372180116,0.07913986012059211,0.0527050528060307,0.06110582799957729,0.0,,0.07913986012059211,0.07228287372180116
Diarrhoea_rates,Total_Evaporation,4,14140,55,0.026170798898071612,month_province,0.07359084369713029,0.07896044567556458,0.052553222143485685,0.08970277758545764,0.014194001273387435,,0.07896044567556458,0.07359084369713029
Diarrhoea_rates,Total_Evaporation,5,14087,55,0.029820936639118445,month_province,0.06067590766538458,0.0652112788981169,0.04334777760002303,0.08885761821792869,0.0,,0.0652112788981169,0.06067590766538458
Diarrhoea_rates,Total_Evaporation,6,14034,55,0.03347107438016528,month_province,0.04916677927182136,0.05043150397816728,0.033461016988860275,0.07179309770818156,0.0,,0.05043150397816728,0.04916677927182136
Diarrhoea_rates,Total_Rainfall,0,14352,55,0.011570247933884281,month_province,0.022976674368697256,-0.012090036577316558,-0.008101206296763497,0.04696248967228057,0.0015353801439497161,,0.012090036577316558,0.022976674368697256
Diarrhoea_rates,Total_Rainfall,1,14299,55,0.015220385674931114,month_province,0.008556485760688008,-0.020800947444444665,-0.013905617740084874,0.057273031776426495,0.010599886636867062,,0.020800947444444665,0.008556485760688008
Diarrhoea_rates,Total_Rainfall,2,14246,55,0.018870523415977947,month_province,-0.008185947841022403,-0.03087849871836997,-0.020626092722997567,0.046090435368638674,0.01126547776438791,,0.03087849871836997,0.008185947841022403
Diarrhoea_rates,Total_Rainfall,3,14193,55,0.02252066115702478,month_province,-0.014647921310297228,-0.03564132546343962,-0.023878812148398113,0.06597241282519303,0.0032625436394839724,,0.03564132546343962,0.014647921310297228
Diarrhoea_rates,Total_Rainfall,4,14140,55,0.026170798898071612,month_province,-0.02232198325690338,-0.04053031299520984,-0.027199911087272873,0.05278964407614185,0.0,,0.04053031299520984,0.02232198325690338
Diarrhoea_rates,Total_Rainfall,5,14087,55,0.029820936639118445,month_province,-0.034635360824586785,-0.04602206651014973,-0.030819932280390167,0.06144001407338372,0.013942792449261887,,0.04602206651014973,0.034635360824586785
Diarrhoea_rates,Total_Rainfall,6,14034,55,0.03347107438016528,month_province,-0.035075695647053734,-0.0355736693933513,-0.02377275977086369,0.05651977457523459,0.010631974863140492,,0.0355736693933513,0.035075695647053734
Diarrhoea_rates,Max_Daily_Rainfall,0,14352,55,0.011570247933884281,month_province,0.021648207268409624,-0.014182313693102551,-0.00934756057386273,0.07231048812240352,0.0115820693244304,,0.014182313693102551,0.021648207268409624
Diarrhoea_rates,Max_Daily_Rainfall,1,14299,55,0.015220385674931114,month_province,0.005348193829836435,-0.01774159073601298,-0.011735129735464185,0.06574623488853915,0.013695361692773744,,0.01774159073601298,0.005348193829836435
Diarrhoea_rates,Max_Daily_Rainfall,2,14246,55,0.018870523415977947,month_province,-0.00585207756653743,-0.0269319394185925,-0.017911483392381647,0.04748897922994713,0.015483539379708589,,0.0269319394185925,0.00585207756653743
Diarrhoea_rates,Max_Daily_Rainfall,3,14193,55,0.02252066115702478,month_province,-0.008814083046238654,-0.029990291492590696,-0.019944900334483675,0.09502884412643786,0.0010441711323982972,,0.029990291492590696,0.008814083046238654
Diarrhoea_rates,Max_Daily_Rainfall,4,14140,55,0.026170798898071612,month_province,-0.016679668173584176,-0.043478269819411684,-0.028934105497292795,0.0611182877602392,0.0,,0.043478269819411684,0.016679668173584176
Diarrhoea_rates,Max_Daily_Rainfall,5,14087,55,0.029820936639118445,month_province,-0.03115316220354092,-0.04769659418242893,-0.03187448719643343,0.06097265962505484,0.0,,0.04769659418242893,0.03115316220354092
Diarrhoea_rates,Max_Daily_Rainfall,6,14034,55,0.03347107438016528,month_province,-0.031675818343918256,-0.04271493279728487,-0.028483859939639717,0.048528003845994656,0.04654127335788161,,0.04271493279728487,0.031675818343918256
Diarrhoea_rates,n_raining_days,0,14352,55,0.011570247933884281,month_province,0.062290784886164005,0.08251816062920997,0.05632975362348717,0.13848240321939403,0.016924890504306234,,0.08251816062920997,0.062290784886164005
Diarrhoea_rates,n_raining_days,1,14299,55,0.015220385674931114,month_province,0.05827313475843911,0.08146912734728765,0.055168977603201205,0.1007722839422267,0.056227998207523555,,0.08146912734728765,0.05827313475843911
Diarrhoea_rates,n_raining_days,2,14246,55,0.018870523415977947,month_province,0.050667918058507073,0.07945906597298515,0.0534438180200284,0.12462333005515806,0.03588465964467247,,0.07945906597298515,0.050667918058507073
Diarrhoea_rates,n_raining_days,3,14193,55,0.02252066115702478,month_province,0.04581214948465839,0.08130718030032734,0.054149666807513014,0.13602589821746314,0.025607153865902177,,0.08130718030032734,0.04581214948465839
Diarrhoea_rates,n_raining_days,4,14140,55,0.026170798898071612,month_province,0.044025610303248024,0.07985698542983921,0.0528763423904054,0.13526708561397996,0.023140799115537014,,0.07985698542983921,0.044025610303248024
Diarrhoea_rates,n_raining_days,5,14087,55,0.029820936639118445,month_province,0.036430549904489254,0.08371363078706832,0.05521378257387069,0.11620259181604055,0.037724205629059426,,0.08371363078706832,0.036430549904489254
Diarrhoea_rates,n_raining_days,6,14034,55,0.03347107438016528,month_province,0.04071082455331888,0.09296211706558091,0.06122690898094327,0.14686812266537433,0.03585137970310459,,0.09296211706558091,0.04071082455331888
Diarrhoea_rates,Average_temperature,0,14352,55,0.011570247933884281,month_province,-0.009121366200170011,-0.0214645030959116,-0.014379655381109453,0.06901376011748057,0.0,,0.0214645030959116,0.009121366200170011
Diarrhoea_rates,Average_temperature,1,14299,55,0.015220385674931114,month_province,-0.003675885731280619,-0.013812776923441955,-0.009255852575309002,0.05184287757941436,0.0,,0.013812776923441955,0.003675885731280619
Diarrhoea_rates,Average_temperature,2,14246,55,0.018870523415977947,month_province,-0.0074634658104529485,-0.012462798866190445,-0.008416746392450134,0.053054268013762305,0.0,,0.012462798866190445,0.0074634658104529485
Diarrhoea_rates,Average_temperature,3,14193,55,0.02252066115702478,month_province,-0.01759311810298832,-0.021354545823278545,-0.014261961761707716,0.04322196615031399,0.0,,0.021354545823278545,0.01759311810298832
Diarrhoea_rates,Average_temperature,4,14140,55,0.026170798898071612,month_province,-0.022166451000371956,-0.02846871159031284,-0.018998183267325677,0.05873314339768737,0.013024083764978656,,0.02846871159031284,0.022166451000371956
Diarrhoea_rates,Average_temperature,5,14087,55,0.029820936639118445,month_province,-0.042426535059303896,-0.04609045329242797,-0.03077698723967649,0.06031637177479746,0.019027361101001894,,0.04609045329242797,0.042426535059303896
Diarrhoea_rates,Average_temperature,6,14034,55,0.03347107438016528,month_province,-0.05481367604379908,-0.05956600802368106,-0.03975970875382139,0.09035093166208462,0.0,,0.05956600802368106,0.05481367604379908
Diarrhoea_rates,Max_Average_Temperature,0,14352,55,0.011570247933884281,month_province,0.007334033569683792,-0.001765940351763243,-0.001348413051970217,0.04937200287980952,0.0,,0.001765940351763243,0.007334033569683792
Diarrhoea_rates,Max_Average_Temperature,1,14299,55,0.015220385674931114,month_province,0.014755100182081591,0.006943226950293475,0.004508654373164537,0.0430385483853826,0.0020630823683038813,,0.006943226950293475,0.014755100182081591
Diarrhoea_rates,Max_Average_Temperature,2,14246,55,0.018870523415977947,month_province,0.01531525210325042,0.00990093667361885,0.006500680587660063,0.06646300936856131,0.00740841602557385,,0.00990093667361885,0.01531525210325042
Diarrhoea_rates,Max_Average_Temperature,3,14193,55,0.02252066115702478,month_province,0.00794029176058109,0.00189909784722651,0.0011359234970602814,0.04310329182652164,0.00891306023039462,,0.00189909784722651,0.00794029176058109
Diarrhoea_rates,Max_Average_Temperature,4,14140,55,0.026170798898071612,month_province,0.004893773124399418,-0.004293932791687483,-0.002845547202732152,0.03734441564305696,0.002546199629157364,,0.004293932791687483,0.004893773124399418
Diarrhoea_rates,Max_Average_Temperature,5,14087,55,0.029820936639118445,month_province,-0.013580686259977773,-0.018828501296247618,-0.012505933880000372,0.05597269899026427,0.0,,0.018828501296247618,0.013580686259977773
Diarrhoea_rates,Max_Average_Temperature,6,14034,55,0.03347107438016528,month_province,-0.027861188183105103,-0.03469656503138441,-0.02315662352724256,0.08099263957319905,0.0,,0.03469656503138441,0.027861188183105103
Diarrhoea_rates,Min_Average_Temperature,0,14352,55,0.011570247933884281,month_province,-0.018889010579662444,-0.03864572801216699,-0.02577859461081483,0.06288416329972872,0.0168278212698052,,0.03864572801216699,0.018889010579662444
Diarrhoea_rates,Min_Average_Temperature,1,14299,55,0.015220385674931114,month_province,-0.021002284835825422,-0.034063830105586494,-0.022683321527553264,0.08958428619876586,0.004929215980679302,,0.034063830105586494,0.021002284835825422
Diarrhoea_rates,Min_Average_Temperature,2,14246,55,0.018870523415977947,month_province,-0.02901459224900943,-0.0362396729337062,-0.02421134367357645,0.059059045282166565,0.029746545707109107,,0.0362396729337062,0.02901459224900943
Diarrhoea_rates,Min_Average_Temperature,3,14193,55,0.02252066115702478,month_province,-0.04257963664594172,-0.04804168569526415,-0.032067626724659945,0.0771851145427634,0.02469332058205076,,0.04804168569526415,0.04257963664594172
Diarrhoea_rates,Min_Average_Temperature,4,14140,55,0.026170798898071612,month_province,-0.04923539052471211,-0.05717916543985229,-0.03815972496365704,0.0726687829034258,0.011156153421273629,,0.05717916543985229,0.04923539052471211
Diarrhoea_rates,Min_Average_Temperature,5,14087,55,0.029820936639118445,month_province,-0.06920771135874937,-0.07537897519821907,-0.050419783537519296,0.08257574926965908,0.014378064710995453,,0.07537897519821907,0.06920771135874937
Diarrhoea_rates,Min_Average_Temperature,6,14034,55,0.03347107438016528,month_province,-0.07871018999920927,-0.08565540166163159,-0.057337171987241475,0.07290969207381076,0.003649861712692548,,0.08565540166163159,0.07871018999920927
Diarrhoea_rates,Max_Absolute_Temperature,0,14352,55,0.011570247933884281,month_province,-0.01691184163837569,-0.03258226011626584,-0.021439698814765616,0.04964639779640578,0.011549467853192219,,0.03258226011626584,0.01691184163837569
Diarrhoea_rates,Max_Absolute_Temperature,1,14299,55,0.015220385674931114,month_province,0.0016871123084793043,-0.011949519224606193,-0.007912589298064005,0.05114113784657912,0.03083160019917397,,0.011949519224606193,0.0016871123084793043
Diarrhoea_rates,Max_Absolute_Temperature,2,14246,55,0.018870523415977947,month_province,0.00742737918542713,-0.004096811692061209,-0.0027364024418694605,0.0637815077069223,0.003728018165172209,,0.004096811692061209,0.00742737918542713
Diarrhoea_rates,Max_Absolute_Temperature,3,14193,55,0.02252066115702478,month_province,0.009827753249660967,-0.004332612787153158,-0.003067239308039262,0.055790709756090386,0.005438728712883645,,0.004332612787153158,0.009827753249660967
Diarrhoea_rates,Max_Absolute_Temperature,4,14140,55,0.026170798898071612,month_province,0.007701276938589912,-0.010447035746787143,-0.007019154244624879,0.061738544438060865,0.019156789259306528,,0.010447035746787143,0.007701276938589912
Diarrhoea_rates,Max_Absolute_Temperature,5,14087,55,0.029820936639118445,month_province,-0.008602589618103328,-0.022703408647799402,-0.015135116220996725,0.04863069264723046,0.0,,0.022703408647799402,0.008602589618103328
Diarrhoea_rates,Max_Absolute_Temperature,6,14034,55,0.03347107438016528,month_province,-0.018095782906453195,-0.03530446725730572,-0.02350812526870709,0.05705328950719607,0.02785888352612531,,0.03530446725730572,0.018095782906453195
Diarrhoea_rates,Min_Absolute_Temperature,0,14352,55,0.011570247933884281,month_province,-0.010865954937455626,-0.03218605595537971,-0.021434969842574102,0.05400422685848741,0.0009018802460554198,,0.03218605595537971,0.010865954937455626
Diarrhoea_rates,Min_Absolute_Temperature,1,14299,55,0.015220385674931114,month_province,-0.020158162104016646,-0.034808361456970395,-0.023129623038762374,0.059891084430907245,0.006766669046183615,,0.034808361456970395,0.020158162104016646
Diarrhoea_rates,Min_Absolute_Temperature,2,14246,55,0.018870523415977947,month_province,-0.02965821266539234,-0.03843593798095452,-0.025661197613666524,0.04440235982742797,0.017331403292932812,,0.03843593798095452,0.02965821266539234
Diarrhoea_rates,Min_Absolute_Temperature,3,14193,55,0.02252066115702478,month_province,-0.03895404183051013,-0.044176263191983055,-0.02940318226875163,0.057097611440882545,0.0166348646256802,,0.044176263191983055,0.03895404183051013
Diarrhoea_rates,Min_Absolute_Temperature,4,14140,55,0.026170798898071612,month_province,-0.04155168272404344,-0.046067729520759514,-0.030702531798985442,0.0789924799341629,0.004774223400581867,,0.046067729520759514,0.04155168272404344
Diarrhoea_rates,Min_Absolute_Temperature,5,14087,55,0.029820936639118445,month_province,-0.05411452385277756,-0.06089588622140755,-0.04069357641687409,0.07070291306524004,0.018574302157303713,,0.06089588622140755,0.05411452385277756
Diarrhoea_rates,Min_Absolute_Temperature,6,14034,55,0.03347107438016528,month_province,-0.06492630598145174,-0.07135968963468944,-0.04759003284158402,0.07958685770221247,0.01107725745719712,,0.07135968963468944,0.06492630598145174
Diarrhoea_rates,Average_Humidity,0,14352,55,0.011570247933884281,month_province,0.027987832914723156,0.03641167018354983,0.02425423825691693,0.07387806067058511,0.03251146552805473,,0.03641167018354983,0.027987832914723156
Diarrhoea_rates,Average_Humidity,1,14299,55,0.015220385674931114,month_province,0.012797418631784064,0.026780844361981845,0.017981538304475346,0.05415735173587214,0.021349900886342255,,0.026780844361981845,0.012797418631784064
Diarrhoea_rates,Average_Humidity,2,14246,55,0.018870523415977947,month_province,-0.0017973134766559387,0.01244916667314779,0.008368646504719374,0.04605382623218375,0.0,,0.01244916667314779,0.0017973134766559387
Diarrhoea_rates,Average_Humidity,3,14193,55,0.02252066115702478,month_province,-0.0071923853258479865,0.012188315640677159,0.008253373865456798,0.0760982679495749,0.0,,0.012188315640677159,0.0071923853258479865
Diarrhoea_rates,Average_Humidity,4,14140,55,0.026170798898071612,month_province,-0.0008895492853567451,0.018685710030370877,0.012587460930882168,0.05815258677813875,0.0,,0.018685710030370877,0.0008895492853567451
Diarrhoea_rates,Average_Humidity,5,14087,55,0.029820936639118445,month_province,0.007053985720984818,0.02783104608702367,0.018649445139505894,0.05372959827740993,0.0,,0.02783104608702367,0.007053985720984818
Diarrhoea_rates,Average_Humidity,6,14034,55,0.03347107438016528,month_province,0.021769838639976852,0.04612509708218545,0.03085463840827126,0.04927686877930522,0.025963615167317045,,0.04612509708218545,0.021769838639976852
Diarrhoea_rates,Min_Humidity,0,14352,55,0.011570247933884281,month_province,0.028607121939267816,0.039567276455454145,0.026146456780997328,0.06083891720284608,0.0021312367566546087,,0.039567276455454145,0.028607121939267816
Diarrhoea_rates,Min_Humidity,1,14299,55,0.015220385674931114,month_province,0.010225690129227414,0.02930313483498911,0.019329299245528297,0.04690445124972679,0.00817579970025939,,0.02930313483498911,0.010225690129227414
Diarrhoea_rates,Min_Humidity,2,14246,55,0.018870523415977947,month_province,0.009658062739745921,0.029777604145433813,0.019809420094460385,0.0799086765267526,0.0,,0.029777604145433813,0.009658062739745921
Diarrhoea_rates,Min_Humidity,3,14193,55,0.02252066115702478,month_province,0.003676733972964264,0.028166657712438217,0.018752082629103935,0.04522110327477776,0.0,,0.028166657712438217,0.003676733972964264
Diarrhoea_rates,Min_Humidity,4,14140,55,0.026170798898071612,month_province,0.01140562621079998,0.03946409640407395,0.026279785191860614,0.07602211701426599,0.0028923111069651952,,0.03946409640407395,0.01140562621079998
Diarrhoea_rates,Min_Humidity,5,14087,55,0.029820936639118445,month_province,0.008271008056554415,0.038187933266380106,0.025292582468261274,0.0563778006077725,0.005936323664925247,,0.038187933266380106,0.008271008056554415
Diarrhoea_rates,Min_Humidity,6,14034,55,0.03347107438016528,month_province,0.014963549443007044,0.04075008706735918,0.026850671551869137,0.07438889476737456,0.0,,0.04075008706735918,0.014963549443007044
Diarrhoea_rates,n_hours_sunshine,0,14352,55,0.011570247933884281,month_province,-0.006584380711605422,-0.010630186427947776,-0.006971258591233641,0.04628208061583278,0.0,,0.010630186427947776,0.006584380711605422
Diarrhoea_rates,n_hours_sunshine,1,14299,55,0.015220385674931114,month_province,0.007771389778731058,-0.00036117120135904947,-0.00019165906349144962,0.04825902245216633,0.0038919122381431137,,0.00036117120135904947,0.007771389778731058
Diarrhoea_rates,n_hours_sunshine,2,14246,55,0.018870523415977947,month_province,0.01691091998381526,0.009226535533625705,0.00613543724710449,0.04555498438663823,0.006016867016438887,,0.009226535533625705,0.01691091998381526
Diarrhoea_rates,n_hours_sunshine,3,14193,55,0.02252066115702478,month_province,0.02204389306256216,0.011417940785121664,0.007521598442055215,0.043836902907370794,0.023740482692224063,,0.011417940785121664,0.02204389306256216
Diarrhoea_rates,n_hours_sunshine,4,14140,55,0.026170798898071612,month_province,0.026071543181075206,0.019383974723674112,0.012935877576721816,0.050598898749594584,0.017089698543180987,,0.019383974723674112,0.026071543181075206
Diarrhoea_rates,n_hours_sunshine,5,14087,55,0.029820936639118445,month_province,0.02355212939019917,0.009222127587045067,0.006147717854717165,0.050060771037537664,0.0,,0.009222127587045067,0.02355212939019917
Diarrhoea_rates,n_hours_sunshine,6,14034,55,0.03347107438016528,month_province,0.012687114175493116,-0.004679073646343422,-0.0030879094084397263,0.043042051895401306,0.0032071480380784223,,0.004679073646343422,0.012687114175493116
Diarrhoea_rates,population_male,0,14352,55,0.011570247933884281,month_province,-0.08850214331725031,-0.33936879314588264,-0.24359018705150332,0.25836837837518484,0.2050876006576683,,0.33936879314588264,0.08850214331725031
Diarrhoea_rates,population_male,1,14297,55,0.015358126721763066,month_province,-0.0891939140998379,-0.3405496731549635,-0.24458132753125347,0.2505176601466882,0.21507057270882335,,0.3405496731549635,0.0891939140998379
Diarrhoea_rates,population_male,2,14242,55,0.01914600550964185,month_province,-0.08936834204389872,-0.34106754070227024,-0.24509168416267146,0.27538936522932533,0.19359442641912494,,0.34106754070227024,0.08936834204389872
Diarrhoea_rates,population_male,3,14187,55,0.022933884297520635,month_province,-0.08833100394864593,-0.3413057543489646,-0.2453693170197375,0.2621673680845027,0.200874233333038,,0.3413057543489646,0.08833100394864593
Diarrhoea_rates,population_male,4,14132,55,0.02672176308539942,month_province,-0.08764785782015305,-0.34174204514350554,-0.24582884708199823,0.28740537722861065,0.18085078990875036,,0.34174204514350554,0.08764785782015305
Diarrhoea_rates,population_male,5,14077,55,0.030509641873278204,month_province,-0.0873471989251955,-0.34123609008125216,-0.2455458616478723,0.2571224068951945,0.1928607670228626,,0.34123609008125216,0.0873471989251955
Diarrhoea_rates,population_male,6,14022,55,0.03429752066115699,month_province,-0.0867578908068558,-0.340189658033129,-0.24499290865478474,0.251177151045566,0.2278893759834908,,0.340189658033129,0.0867578908068558
Diarrhoea_rates,population_female,0,14352,55,0.011570247933884281,month_province,-0.07491672112628477,-0.28935914819063707,-0.2074818111699855,0.23216658613460228,0.19077856678144745,,0.28935914819063707,0.07491672112628477
Diarrhoea_rates,population_female,1,14297,55,0.015358126721763066,month_province,-0.07558507858155028,-0.28955430187539255,-0.20770854687903148,0.24518733899870868,0.1825090535062488,,0.28955430187539255,0.07558507858155028
Diarrhoea_rates,population_female,2,14242,55,0.01914600550964185,month_province,-0.07587241512958444,-0.2897478511823938,-0.20793657364326598,0.24162910202977553,0.18529349755594104,,0.2897478511823938,0.07587241512958444
Diarrhoea_rates,population_female,3,14187,55,0.022933884297520635,month_province,-0.07494614206511092,-0.2894633691115536,-0.20777395457576978,0.2316995112221817,0.15805650336770416,,0.2894633691115536,0.07494614206511092
Diarrhoea_rates,population_female,4,14132,55,0.02672176308539942,month_province,-0.07437807272123415,-0.28973647980953615,-0.20807008044086256,0.22930945911914516,0.17700829329258827,,0.28973647980953615,0.07437807272123415
Diarrhoea_rates,population_female,5,14077,55,0.030509641873278204,month_province,-0.07411294162039321,-0.28886633246229865,-0.20753481259395185,0.2438349167718633,0.17006369552861056,,0.28886633246229865,0.07411294162039321
Diarrhoea_rates,population_female,6,14022,55,0.03429752066115699,month_province,-0.07362166687322808,-0.2877786833671512,-0.2069392890804918,0.19152256514688257,0.17532738347158539,,0.2877786833671512,0.07362166687322808
Diarrhoea_rates,population_urban,0,14352,55,0.011570247933884281,month_province,-0.15473110292132838,-0.4231196510208335,-0.2944124601551581,0.39270225245815377,0.2532813101390081,,0.4231196510208335,0.15473110292132838
Diarrhoea_rates,population_urban,1,14297,55,0.015358126721763066,month_province,-0.15555211441984215,-0.42556551559642447,-0.2962176224867273,0.38098283804565514,0.24205321739332053,,0.42556551559642447,0.15555211441984215
Diarrhoea_rates,population_urban,2,14242,55,0.01914600550964185,month_province,-0.15641042793187868,-0.4267373981999685,-0.2971105197217258,0.3511467322725391,0.28601346037539344,,0.4267373981999685,0.15641042793187868
Diarrhoea_rates,population_urban,3,14187,55,0.022933884297520635,month_province,-0.15553250845031355,-0.42726675717205237,-0.2976239686175913,0.3985745268491883,0.2874337052221989,,0.42726675717205237,0.15553250845031355
Diarrhoea_rates,population_urban,4,14132,55,0.02672176308539942,month_province,-0.1548926360989149,-0.42855876446066066,-0.2987343840328659,0.3342230067419137,0.2575028008536586,,0.42855876446066066,0.1548926360989149
Diarrhoea_rates,population_urban,5,14077,55,0.030509641873278204,month_province,-0.15506527865069056,-0.4290788998680548,-0.29916655489569494,0.3569835129770775,0.2704664236409142,,0.4290788998680548,0.15506527865069056
Diarrhoea_rates,population_urban,6,14022,55,0.03429752066115699,month_province,-0.15563847950580184,-0.4299856498045527,-0.30005321619066616,0.3830347588779331,0.2932956140681702,,0.4299856498045527,0.15563847950580184
Diarrhoea_rates,population_countryside,0,14352,55,0.011570247933884281,month_province,-0.025621531403636277,-0.06341806642619316,-0.04546712541013595,0.12276579896807759,0.1488751361867937,,0.06341806642619316,0.025621531403636277
Diarrhoea_rates,population_countryside,1,14297,55,0.015358126721763066,month_province,-0.026261174740729643,-0.062047741159022195,-0.04446434168825956,0.130529684913221,0.14726869597639247,,0.062047741159022195,0.026261174740729643
Diarrhoea_rates,population_countryside,2,14242,55,0.01914600550964185,month_province,-0.026213653626281475,-0.06042624297387453,-0.043393318258099854,0.139603990057243,0.12151135516682743,,0.06042624297387453,0.026213653626281475
Diarrhoea_rates,population_countryside,3,14187,55,0.022933884297520635,month_province,-0.025436465563155167,-0.058880077118774014,-0.04231053970017651,0.1392714105895469,0.13381078592601092,,0.058880077118774014,0.025436465563155167
Diarrhoea_rates,population_countryside,4,14132,55,0.02672176308539942,month_province,-0.025045725466248604,-0.05703017950785625,-0.04102858861564542,0.13130425003366117,0.14327252832853787,,0.05703017950785625,0.025045725466248604
Diarrhoea_rates,population_countryside,5,14077,55,0.030509641873278204,month_province,-0.024667586659435782,-0.055309879676613154,-0.03990919075430752,0.12515930955089125,0.15855940721309292,,0.055309879676613154,0.024667586659435782
Diarrhoea_rates,population_countryside,6,14022,55,0.03429752066115699,month_province,-0.023669083482211216,-0.05283456289478312,-0.03824560449184239,0.14811189468743935,0.11704950624702004,,0.05283456289478312,0.023669083482211216
Diarrhoea_rates,Influenza_rates,0,14352,55,0.011570247933884281,month_province,0.5274924319498319,0.5287895821713344,0.3874112643157057,0.49594473889079105,0.27265440614452885,,0.5287895821713344,0.5274924319498319
Diarrhoea_rates,Influenza_rates,1,14297,55,0.015358126721763066,month_province,0.31788292994916484,0.4354700446167908,0.31366189575070236,0.4506180359730225,0.20848171308034402,,0.4354700446167908,0.31788292994916484
Diarrhoea_rates,Influenza_rates,2,14242,55,0.01914600550964185,month_province,0.3062894192482794,0.41956393202428677,0.30074799957815435,0.3994934143077401,0.1902541065042067,,0.41956393202428677,0.3062894192482794
Diarrhoea_rates,Influenza_rates,3,14187,55,0.022933884297520635,month_province,0.30487601004775,0.4087515104343667,0.2917896208678425,0.38327851668542234,0.18787532719805888,,0.4087515104343667,0.30487601004775
Diarrhoea_rates,Influenza_rates,4,14132,55,0.02672176308539942,month_province,0.292357672541702,0.39764223704428064,0.2839749809077041,0.4105058200438927,0.1498779359292728,,0.39764223704428064,0.292357672541702
Diarrhoea_rates,Influenza_rates,5,14077,55,0.030509641873278204,month_province,0.29469267665398474,0.3953629068755625,0.28199023559219755,0.386113343521285,0.16508272089284404,,0.3953629068755625,0.29469267665398474
Diarrhoea_rates,Influenza_rates,6,14022,55,0.03429752066115699,month_province,0.31120940304888856,0.4082226057648418,0.2916497879322521,0.3787726981944038,0.179819935203672,,0.4082226057648418,0.31120940304888856
Diarrhoea_rates,Dengue_fever_rates,0,14352,55,0.011570247933884281,month_province,-0.06815471781069939,-0.08728527122304967,-0.057360982855704956,0.16615726840386325,0.05218610176422267,,0.08728527122304967,0.06815471781069939
Diarrhoea_rates,Dengue_fever_rates,1,14297,55,0.015358126721763066,month_province,-0.05739879974712276,-0.07857938021604657,-0.05179142853904653,0.16075955309569553,0.059100080075976,,0.07857938021604657,0.05739879974712276
Diarrhoea_rates,Dengue_fever_rates,2,14242,55,0.01914600550964185,month_province,-0.046140920290157844,-0.06297423935636305,-0.041709631292287955,0.09188177066391909,0.035060036777927905,,0.06297423935636305,0.046140920290157844
Diarrhoea_rates,Dengue_fever_rates,3,14187,55,0.022933884297520635,month_province,-0.014312635006251198,-0.04345141425267354,-0.0289132459328209,0.10009172451193868,0.029556660541345536,,0.04345141425267354,0.014312635006251198
Diarrhoea_rates,Dengue_fever_rates,4,14132,55,0.02672176308539942,month_province,-0.016421172267508333,-0.02320896094790939,-0.015406464734287155,0.1056465164827658,0.04120229926024965,,0.02320896094790939,0.016421172267508333
Diarrhoea_rates,Dengue_fever_rates,5,14077,55,0.030509641873278204,month_province,-0.0023022584340937394,-0.003933948036778453,-0.0024403165706226126,0.0851160695530658,0.020103336197652588,,0.003933948036778453,0.0023022584340937394
Diarrhoea_rates,Dengue_fever_rates,6,14022,55,0.03429752066115699,month_province,0.006677889117369605,0.014898968417341505,0.010409250793585999,0.0753676372066445,0.032736434927152835,,0.014898968417341505,0.006677889117369605
